id,standard,sections,pdf_pages,requirement,applicability,status,code,tests,evidence_level,finding,impact,closure
C1-001,CTVS-1,1.2; 2.2,6; 7,One underlying asset and one transferable native share asset define the economic boundary.,profile0,aligned,reference/packages/protocol/src/types.ts:24; reference/packages/onchain/lib/ctvs/ledger.ak:97; reference/implementations/ctvs1/onchain/lib/ctvs1/state.ak:69,reference/implementations/ctvs1/client/test/direct.test.ts:68 deposit closed value equation and share payment,retained_test,Terms selects one Asset; State value and receiver asset are derived from that selection and the policy SHARE name.,No multi-asset basket is silently represented as a single-asset deposit.,Retain token/native ADA coverage; native share transfer evidence is tracked separately.
C1-002,CTVS-1,1.3; 2.3; 2.4,7; 8,Disclose the exact profile combination and distinguish independent entry/exit execution capabilities.,profile0,narrowed,reference/implementations/ctvs1/onchain/lib/ctvs1/state.ak:12; reference/implementations/ctvs2/onchain/lib/ctvs2/state.ak:9; reference/tools/lib/build.ts:68,reference/implementations/ctvs1/onchain/validators/state_test.ak:682 ctvs1_genesis_rejects_every_asynchronous_mode; reference/packages/planning/test/context.test.ts:12 family binding rejects cross-family deployments and incompatible advertised modes,retained_test,"CTVS-1 accepts modes 1,2,3; CTVS-2 accepts 4,8,12. The published masks 1..15 also describe hybrid combinations that neither build supports.","The supplied implementations cover subsets of the paper, not a mixed direct/async vault with one shared State.",Publish capability subsets and either implement separately validated hybrid builds or explicitly limit the conformance claim.
C1-003,CTVS-1,2.3; 2.5,8; 9,"A fully direct deployment provides deposit, exact-share mint, exact-asset withdraw, and redeem.",profile0,aligned,reference/implementations/ctvs1/onchain/lib/ctvs1/state.ak:133; reference/implementations/ctvs1/client/src/direct.ts:33,reference/implementations/ctvs1/client/test/direct.test.ts:33 all four operations preserve their exact signed bound; reference/testing/integration/ctvs1/lifecycle.test.ts:30 executes %s through its public planner,retained_test,All four operations have explicit onchain branches and a typed client path. Mode 3 supports both directions.,There is no missing direct action branch in the fully direct family.,Retain per-operation signed tests; views and integration response gaps are separate requirements.
C1-004,CTVS-1,1.2; 5.3,6; 17,Ordinary native-share transfers must not require vault action or change economic supply.,profile0,aligned,reference/implementations/ctvs1/onchain/validators/vault.ak:52; reference/packages/onchain/lib/ctvs/state_core.ak:72,,source,Share authorization is a minting policy; ordinary transfer is not a mint/burn and has no transfer restriction defined here. Supply changes are coupled to State only on issuance or extinction.,The asset model permits transferable native shares; the repository has no dedicated transfer-without-State trace.,Add a ledger-level key-to-key share transfer trace and assert unchanged State/supply before claiming this as executed integration evidence.
C1-005,CTVS-1,1.2; 2.5; 2.6,6; 8; 9; 10,Native mappings and economic extensions require their own declared rules and evidence.,extension,out_of_scope,reference/packages/onchain/lib/ctvs/validation.ak:186; reference/README.md:1,,source,"This review covers the direct-custody reference profile. Managed NAV, inventory issuance, mutable terms and arbitrary native mappings are not claimed by these code paths.",Their absence is not a profile-0 contract bug.,Review each extension against an explicit implementation and mapping if it is later claimed.
C1-006,CTVS-1,3.2; 3.4,11; 12,"Successful transactions require ledger value conservation, input existence, no double spending and valid authorization witnesses.",acceptance,unverified,reference/testing/ledger/recorder.ts:1; reference/testing/ledger/evaluator.ts:1,reference/testing/integration/ctvs1/lifecycle.test.ts:30 executes %s through its public planner,external_gate,Local signed transaction tests and explicit Plutus execution exist; complete cardano-node phase-1 acceptance remains an external gate. Source predicates cannot establish all ledger rules.,Local passing contexts are not proof of complete ledger acceptance.,Run the direct lifecycle and balanced negatives against a pinned node/network parameter snapshot.
C1-007,CTVS-1,3.3; 5.4,11; 18,A direct action must consume its specific current State reference and produce one successor.,profile0,aligned,reference/packages/onchain/lib/ctvs/state_core.ak:22; reference/packages/onchain/lib/ctvs/state_core.ak:185; reference/implementations/ctvs1/client/src/direct.ts:41,"reference/implementations/ctvs1/onchain/validators/state_test.ak:349 rejects_wrong_sequence; reference/packages/planning/test/context.test.ts:67 resolved State checks own address, datum mode, reference script, identities and actual funding",retained_test,Own input is resolved by purpose and matched to unique authenticated State; client plan names that input. A stale competing spend is a ledger contention issue.,No timestamp or free-standing sequence number substitutes for the consumed State input.,Add competing signed transaction/rebuild evidence for provider behavior; preserve immutable user bounds.
C1-008,CTVS-1,3.3; 5.4; 6,11; 18,A quote must identify the consumed State reference as its pricing basis.,profile0,partial,reference/packages/protocol/src/math/quotes.ts:94; reference/packages/protocol/src/types.ts:98; reference/implementations/ctvs1/client/src/direct.ts:41,,source,"Pure preview returns exact_at_snapshot but carries no OutRef or chain point. Direct plans do name State input, so the bound is eventually attached to a concrete transaction.",A standalone preview is not the paper's evidence-bound quote response and must not be presented as such.,Wrap arithmetic results in a verified snapshot quote envelope carrying State OutRef and implementation/terms evidence.
C1-009,CTVS-1,3.4; 8.2,12; 23,"Reject withdrawals including zero hooks, certificates, votes, proposals, treasury declarations and donations.",profile0,aligned,reference/packages/onchain/lib/ctvs/ledger.ak:38,reference/implementations/ctvs1/onchain/validators/state_test.ak:467 rejects_zero_withdrawal_hook; reference/implementations/ctvs1/onchain/validators/state_test.ak:479 rejects_treasury_fields,retained_test,"The complete exposed Aiken fields are checked, including Some(0) treasury and any withdrawal entry. Retained negative tests sample withdrawal and treasury rather than every forbidden field.",These sources/sinks cannot be used within the reference transaction domain by the authored predicates.,"Add per-field balanced negative fixtures for certificates, votes, proposals and donations; source alignment is not exhaustive executed coverage."
C1-010,CTVS-1,3.4; 7.4,12; 21,Unsupported script purposes and unrelated mint must fail.,profile0,aligned,reference/packages/onchain/lib/ctvs/ledger.ak:47; reference/packages/onchain/lib/ctvs/state_core.ak:78,reference/implementations/ctvs1/onchain/validators/state_test.ak:411 rejects_unrelated_mint; reference/implementations/ctvs1/onchain/validators/state_test.ak:420 rejects_wrong_mint_quantity,retained_test,Purpose whitelist permits spending/minting; exact mint vector then restricts the permitted SHARE delta and zero-delta case.,Extra balance-changing scripts cannot be silently admitted by the direct validator.,Retain mint negatives and add a complete purpose enumeration at the actual ledger boundary.
C1-011,CTVS-1,3.4; 7.2,12; 20; 21,A privileged role requires explicit required-signatory membership plus a valid ledger witness; funding identity is not the role.,profile0,aligned,reference/packages/onchain/lib/ctvs/state_core.ak:157; reference/packages/planning/src/maintenance.ts:93,reference/implementations/ctvs1/onchain/validators/state_test.ak:548 rejects_unauthorized_pause; reference/testing/integration/ctvs1/lifecycle.test.ts:82 rejects %s in the compiled validator [pause-authority],retained_test,"Pause uses extra_signatories and the client explicitly declares the configured key. Cryptographic witness validity is checked by the ledger/test harness, not inferred from receiver or funding input.",Role membership and funding authorization remain separate.,Node-backed witness-negative evidence is still required for full ledger acceptance.
C1-012,CTVS-1,4.4; 5.1; 5.2,16; 17,"For ADA backing, State lovelace is exactly A plus F plus R and one STATE token.",profile0,aligned,reference/packages/onchain/lib/ctvs/ledger.ak:89; reference/packages/onchain/lib/ctvs/ledger.ak:97; reference/packages/onchain/lib/ctvs/ledger.ak:116,reference/implementations/ctvs1/onchain/validators/state_test.ak:190 whitepaper_ada_deposit_separates_reserves; reference/packages/onchain/lib/tests/validation_test.ak:148 state_checks_physical_sum_for_each_underlying,retained_test,"Exact State value construction separates economic backing, accrued fees and storage.",A reserve or fee balance cannot silently purchase shares.,Retain native/ADA property and signed cases.
C1-013,CTVS-1,5.2,17,"For native backing, State holds exactly A plus F underlying, R ADA and one STATE token, with no extra native assets.",profile0,aligned,reference/packages/onchain/lib/ctvs/ledger.ak:89; reference/packages/onchain/lib/ctvs/ledger.ak:97; reference/packages/onchain/lib/ctvs/ledger.ak:116,reference/implementations/ctvs1/onchain/validators/state_test.ak:321 rejects_wrong_state_value; reference/implementations/ctvs1/client/test/direct.test.ts:68 deposit closed value equation and share payment,retained_test,Equality to a freshly computed Value rejects both unexplained excess and deficit in the protected State.,Donated or spoofed script-address outputs cannot inflate the authentic State accounting.,Add a named extra-unrelated-token State fixture to supplement existing wrong-value rejection.
C1-014,CTVS-1,5.1; 6.2; 7.1,16; 18; 20,Accrued fees are liabilities outside share backing and conversion denominators.,profile0,aligned,reference/packages/protocol/src/math/quotes.ts:29; reference/packages/onchain/lib/ctvs/math.ak:21; reference/implementations/ctvs1/onchain/lib/ctvs1/state.ak:86,reference/implementations/ctvs1/onchain/validators/state_test.ak:172 whitepaper_redeem_and_fee_collection; docs/reviews/2026-09-18-whitepaper-conformance/probes/c1-economics.ts:20 independent quote and transition oracle,executed_probe,"Both kernels price from A and S, accrue fees separately, and debit gross backing on exit while custody falls by net payout.",No fee double counting was found in the inspected formulas or independent bounded probes.,Retain gross/net/fee conservation probes and verify longer ledger traces.
C1-015,CTVS-1,4.4; 5.2; 7.3,16; 17; 21,Normal operations preserve storage R; only positive reserve top-up changes R.,profile0,aligned,reference/implementations/ctvs1/onchain/lib/ctvs1/state.ak:86; reference/packages/onchain/lib/ctvs/state_core.ak:144; reference/packages/onchain/lib/ctvs/state_core.ak:155,reference/implementations/ctvs1/onchain/validators/state_test.ak:336 rejects_reserve_drain; reference/implementations/ctvs1/onchain/validators/state_test.ak:268 pause_and_topup_preserve_economics; docs/reviews/2026-09-18-whitepaper-conformance/probes/c1-onchain.ak:70 c1_topup_cannot_add_backing,executed_probe,Direct and fee/pause successors preserve R; reserve branch derives R plus the selected amount and no economic changes.,State storage cannot be drained through a normal action or treated as backing.,Retain positive and negative top-up checks.
C1-016,CTVS-1,5.2; 8.3,17; 23; 24,"Network fees, output top-ups and collateral must not reduce any protected backing, fee or storage obligation.",profile0,aligned,reference/packages/onchain/lib/ctvs/ledger.ak:116; reference/packages/onchain/lib/ctvs/ledger.ak:136; reference/implementations/ctvs1/onchain/lib/ctvs1/state.ak:86,"reference/implementations/ctvs1/onchain/validators/state_test.ak:336 rejects_reserve_drain; reference/implementations/ctvs1/client/test/direct.property.test.ts:7 direct operations conserve underlying liabilities, supply and separately funded ADA",retained_test,Protected State is exact and each economic payout has a fixed minimum/exact token amount. Successful ledger balancing must obtain the rest from external inputs. Failed-transaction collateral is a separate ledger rule.,Source conservation protects vault property; this does not validate all unprotected wallet outputs or collateral exposure.,Complete wallet-effect and collateral checks belong to the integration review and node-backed gate.
C1-017,CTVS-1,5.3; 7.4,17; 21,State supply changes by gross issuance minus extinction and agrees with exact native SHARE mint/burn.,profile0,aligned,reference/implementations/ctvs1/onchain/lib/ctvs1/state.ak:86; reference/packages/onchain/lib/ctvs/state_core.ak:72; reference/packages/onchain/lib/ctvs/state_core.ak:176,reference/implementations/ctvs1/onchain/validators/state_test.ak:161 whitepaper_deposit_real_mint_handler; reference/implementations/ctvs1/onchain/validators/state_test.ak:420 rejects_wrong_mint_quantity; docs/reviews/2026-09-18-whitepaper-conformance/probes/c1-economics.ts:20 independent quote and transition oracle,executed_probe,"State computes the supply delta; mint vector is exactly that delta, and mint policy points to the actual authentic State spend.",No direct alternate issuance/burn path was found. Whole-ledger supply induction is not independently proved here.,Retain coupled handler tests and independently reconcile supply over ledger histories.
C1-018,CTVS-1,4.4; 5.3,16; 17,Lost or escrowed shares remain participating supply; zero liquid holder balance is not permission to write off supply.,profile0,aligned,reference/implementations/ctvs1/onchain/lib/ctvs1/state.ak:86; reference/packages/onchain/lib/ctvs/state_core.ak:104,,source,Only validated issuance/extinction changes S. No ownership-location counter or lost-share write-off action exists.,Direct accounting cannot reset supply from wallet balances. Async escrow behavior is covered by the CTVS-2 review.,Add transfer/escrow traces to demonstrate unchanged participating supply.
C1-019,CTVS-1,5.4,18,"State contains accounting and pause fields, not an unauthenticated NAV epoch, pending queue count or liquidity oracle.",profile0,aligned,reference/packages/protocol/src/types.ts:44; reference/packages/onchain/lib/ctvs/state_core.ak:104,docs/reviews/2026-09-18-whitepaper-conformance/probes/c1-onchain.ak:133 c1_extra_reference_does_not_change_validated_quote,executed_probe,State has the declared fields; conversion uses authenticated A/S. An added non-Config reference does not alter the quote in the isolated compiled probe.,Untrusted external reference data is not a pricing oracle for direct custody.,Keep this profile separate from a managed accepted-report design.
C1-020,CTVS-1,5.1; 6.1,16; 18,Arithmetic uses base-unit integers with exact sufficiently wide intermediates and no display-decimal influence.,profile0,aligned,reference/packages/protocol/src/math/integer.ts:1; reference/packages/onchain/lib/ctvs/math.ak:8; reference/packages/protocol/src/math/quotes.ts:64,reference/packages/protocol/tests/math.test.ts:32 bounds public quantities and excludes unsafe JavaScript numbers; docs/reviews/2026-09-18-whitepaper-conformance/probes/c1-economics.ts:20 independent quote and transition oracle,executed_probe,TypeScript bigint and Aiken Int preserve integer multiplication/division. Upper-bound probes include virtual and physical quantities near Q_MAX.,No floating point or display-unit dependence was found.,Retain upper-domain and independent rounding probes.
C1-021,CTVS-1,5.4; 6.1,18,Bound individual quantities and aggregate physical custody before execution.,profile0,aligned,reference/packages/onchain/lib/ctvs/validation.ak:232; reference/packages/protocol/src/math/quotes.ts:3; reference/packages/protocol/src/math/integer.ts:2,reference/packages/onchain/lib/tests/validation_test.ak:100 quantity_bounds_are_exact; reference/packages/onchain/lib/tests/validation_test.ak:148 state_checks_physical_sum_for_each_underlying; docs/reviews/2026-09-18-whitepaper-conformance/probes/c1-economics.ts:20 upper-domain comparisons,executed_probe,The A+F+R ADA aggregate and A+F native aggregate are checked in addition to each field; result quantities are bounded.,Individually legal fields cannot jointly exceed the declared physical-value model bound.,Verify stricter active ledger constraints through node-backed transactions.
C1-022,CTVS-1,6.1,18,Invalid profile/domain values must fail explicitly rather than return a usable zero quote.,profile0,aligned,reference/packages/protocol/src/math/quotes.ts:3; reference/packages/protocol/src/math/integer.ts:4; reference/packages/onchain/lib/ctvs/validation.ak:186,"reference/packages/protocol/tests/math.test.ts:42 validates fee, virtual supply, cap, pause and physical custody bounds",retained_test,"Invalid profile, fees, virtual supply, quantity bounds and state/cap combinations throw or fail. Wire-version decoding is reviewed separately.",Known zero remains distinguishable from malformed input.,Retain malformed-domain tests; do not imply primitive semantic objects authenticate original wire bytes.
C1-023,CTVS-1,6.1,18,Use immutable virtual assets of one and positive virtual shares in adjusted balances.,profile0,aligned,reference/packages/protocol/src/math/quotes.ts:15; reference/packages/protocol/src/math/quotes.ts:29; reference/packages/onchain/lib/ctvs/math.ak:21; reference/packages/onchain/lib/ctvs/validation.ak:186,reference/implementations/ctvs1/onchain/validators/state_test.ak:652 integer_preview_rounding_fixture; docs/reviews/2026-09-18-whitepaper-conformance/probes/c1-economics.ts:20 independent quote and transition oracle,executed_probe,Both kernels use X=A+1 and Y=S+virtualShares; virtual balances are not added to physical State value.,Virtual accounting does not create spendable assets.,Retain low-balance/residual examples and boundary probes.
C1-024,CTVS-1,6; 6.2,18; 19,Fee-free public conversions are caller-independent and round down by default.,profile0,aligned,reference/packages/protocol/src/math/quotes.ts:31; reference/packages/protocol/src/math/quotes.ts:45,"reference/packages/protocol/tests/math.test.ts:75 rounds conversions explicitly and leaves zero mathematical previews available; docs/reviews/2026-09-18-whitepaper-conformance/probes/c1-economics.ts:68 price equation unchanged by modes, pauses and fees",executed_probe,"Default conversion signatures take only state, terms and quantity; no caller, fee rate or oracle changes the equation.",Converted values do not depend on who asks.,Retain independent conversion invariance probes.
C1-025,CTVS-1,6.2,18,Explicit up/down conversions implement ceiling/floor of the same rational exchange rate.,profile0,aligned,reference/packages/protocol/src/math/quotes.ts:31; reference/packages/protocol/src/math/quotes.ts:45,reference/packages/protocol/tests/math.property.test.ts:37 floor and ceiling conversion enclose the same rational price,retained_test,Both rounding options are explicit and invalid rounding rejects.,Exact-output primitives can round conservatively without modifying default view semantics.,Keep floor/ceiling enclosure tests and independently authored vectors.
C1-026,CTVS-1,6.3; 6.4,19; 20,Conversion of zero remains a valid zero view even though zero economic execution is invalid.,profile0,aligned,reference/packages/protocol/src/math/quotes.ts:38; reference/packages/protocol/src/math/quotes.ts:62; reference/packages/protocol/src/math/transition.ts:24,reference/packages/protocol/tests/math.test.ts:75 rounds conversions explicitly and leaves zero mathematical previews available; docs/reviews/2026-09-18-whitepaper-conformance/probes/c1-economics.ts:20 zero inputs in equation oracle,executed_probe,Conversion/preview accepts zero; transition/onchain actions require positive amounts and positive economic results.,A legitimate zero mathematical result is not confused with executable zero issuance.,Retain distinct view/execute API documentation and zero tests.
C1-027,CTVS-1,6.3,19,"Fees are markup: feeRaw=ceil(x*b/B), feeTotal=ceil(x*b/(B+b)), with rates below B.",profile0,aligned,reference/packages/protocol/src/math/integer.ts:16; reference/packages/onchain/lib/ctvs/math.ak:13; reference/packages/onchain/lib/ctvs/validation.ak:192,reference/packages/protocol/tests/math.test.ts:23 distinguishes fee charged on net from fee included in gross; docs/reviews/2026-09-18-whitepaper-conformance/probes/c1-economics.ts:20 independent quotient/remainder fee oracle,executed_probe,The implementation matches the specified fee-inclusive inverse and excludes b=10000.,No percentage-of-gross fee substitution was found.,Retain 0/1/100/5000/9999 bps boundary vectors.
C1-028,CTVS-1,6.3,19,Gross deposit admits d-feeTotal(d) as backing and issues floor(net*Y/X) shares.,profile0,aligned,reference/packages/onchain/lib/ctvs/math.ak:21; reference/packages/protocol/src/math/quotes.ts:65,reference/packages/onchain/lib/tests/math_properties.ak:64 deposit_quote_preserves_gross_assets_and_rounds_against_dilution; docs/reviews/2026-09-18-whitepaper-conformance/probes/c1-economics.ts:20 deposit equation oracle,executed_probe,Both kernels match the deposit equation exactly in inspected source and bounded independent probes.,Deposits never count entry fees as share backing.,Retain independent vectors and compiled execution checks.
C1-029,CTVS-1,6.3; 7.4,19; 21,Deposit must enforce the user minimum shares onchain.,profile0,aligned,reference/implementations/ctvs1/onchain/lib/ctvs1/state.ak:141; reference/implementations/ctvs1/client/src/direct.ts:48,reference/implementations/ctvs1/onchain/validators/state_test.ak:371 rejects_minimum_above_quote; reference/testing/integration/ctvs1/lifecycle.test.ts:82 rejects %s in the compiled validator [minimum],retained_test,Minimum shares comes from redeemer and is checked against the recomputed quote.,Later price changes cannot silently lower the signed minimum.,Retain balanced negative and contention/rebuild tests.
C1-030,CTVS-1,6.3,19,"Exact-share mint requires ceiling assets plus feeRaw, and issues exactly the requested shares.",profile0,aligned,reference/packages/onchain/lib/ctvs/math.ak:27; reference/packages/protocol/src/math/quotes.ts:71,reference/packages/onchain/lib/tests/math_properties.ak:135 exact_share_mint_requires_sufficient_backing_increase; docs/reviews/2026-09-18-whitepaper-conformance/probes/c1-economics.ts:20 mint equation oracle,executed_probe,Exact-share mint uses ceiling net assets and adds the markup.,Requested shares are never priced with floor input rounding.,Retain non-integral ratio and integer-boundary cases.
C1-031,CTVS-1,6.3; 7.4,19; 21,Exact-share mint must enforce maximum gross assets onchain.,profile0,aligned,reference/implementations/ctvs1/onchain/lib/ctvs1/state.ak:161; reference/implementations/ctvs1/client/src/direct.ts:48,docs/reviews/2026-09-18-whitepaper-conformance/probes/c1-onchain.ak:100 c1_exact_share_mint_rejects_bound_one_unit_too_small,executed_probe,Isolated compiled probe rejects a gross maximum one unit below the required 101 assets.,The mint branch cannot exceed the user maximum even if outputs balance.,Add a signed balanced mint maximum-negative integration case.
C1-032,CTVS-1,6.3,19,Exact-net-asset withdrawal debits net plus feeRaw and burns ceiling(gross*Y/X) shares.,profile0,aligned,reference/packages/onchain/lib/ctvs/math.ak:33; reference/packages/protocol/src/math/quotes.ts:77,reference/packages/onchain/lib/tests/math_properties.ak:147 exact_asset_withdrawal_requires_sufficient_share_extinction; docs/reviews/2026-09-18-whitepaper-conformance/probes/c1-economics.ts:20 withdraw equation oracle,executed_probe,Withdrawal recomputes fee and conservative share extinction.,The requested payout is not funded by understating burned shares.,Retain ratio/fee boundary coverage.
C1-033,CTVS-1,6.3; 7.4,19; 21,Exact-net withdrawal must enforce maximum burned shares onchain.,profile0,aligned,reference/implementations/ctvs1/onchain/lib/ctvs1/state.ak:175; reference/implementations/ctvs1/client/src/direct.ts:48,docs/reviews/2026-09-18-whitepaper-conformance/probes/c1-onchain.ak:119 c1_exact_asset_withdrawal_rejects_bound_one_unit_too_small,executed_probe,Isolated compiled probe rejects maximum 100 for a withdrawal requiring 101 shares.,User share-debit maximum is enforced independently of exact payout.,Add signed balanced withdrawal maximum-negative evidence.
C1-034,CTVS-1,6.3,19,"Exact-share redemption computes floor(shares*X/Y), removes feeTotal and pays the net result.",profile0,aligned,reference/packages/onchain/lib/ctvs/math.ak:44; reference/packages/protocol/src/math/quotes.ts:83,reference/packages/onchain/lib/tests/math_properties.ak:80 redeem_quote_preserves_gross_assets_and_never_debits_more_than_backing; docs/reviews/2026-09-18-whitepaper-conformance/probes/c1-economics.ts:20 redeem equation oracle,executed_probe,The implementation applies floor then the fee-inclusive inverse.,Redemption never pays virtual assets directly or leaves an exit fee in shareholder backing.,Retain full-redemption/residual boundary vectors.
C1-035,CTVS-1,6.3; 7.4,19; 21,Redemption must enforce the user minimum net assets onchain.,profile0,aligned,reference/implementations/ctvs1/onchain/lib/ctvs1/state.ak:189; reference/implementations/ctvs1/client/src/direct.ts:48,reference/packages/protocol/tests/math.test.ts:89 preserves exact accounting for redeem; docs/reviews/2026-09-18-whitepaper-conformance/probes/c1-economics.ts:20 redeem transition acceptance oracle,executed_probe,"Minimum net assets is checked after fee computation. Retained signed negative corpus exercises the generic deposit minimum, not a distinct redeem minimum case.",User bounds are source-enforced but per-operation signed negative coverage is incomplete.,Add a signed balanced redeem minimum-negative case.
C1-036,CTVS-1,6.3; 6.4,19; 20,"Reject zero input, zero issued shares and zero net economic output; state-action amounts and user bounds are positive Q values.",profile0,aligned,reference/implementations/ctvs1/onchain/lib/ctvs1/state.ak:57; reference/packages/onchain/lib/ctvs/validation.ak:349; reference/packages/protocol/src/math/transition.ts:24,reference/implementations/ctvs1/onchain/validators/state_test.ak:386 rejects_zero_economic_output; docs/reviews/2026-09-18-whitepaper-conformance/probes/c1-economics.ts:20 zero and off-by-one transition predicates,executed_probe,Client transition and onchain action/quote validation enforce positive execution quantities; fee may be zero.,Dust cannot execute as fee-only zero issuance or empty redemption.,Retain explicit zero checks per action and upper-domain cases.
C1-037,CTVS-1,6; 6.3,18; 19,Mathematical preview and executable feasibility must remain distinguishable.,profile0,aligned,reference/packages/protocol/src/math/quotes.ts:59; reference/packages/protocol/src/math/quotes.ts:101; reference/packages/protocol/src/math/transition.ts:24,reference/packages/protocol/tests/math.test.ts:112 enforces economic execution limits separately from previews,retained_test,"Preview returns execution unchecked; transition applies mode, pause, user bounds and successor feasibility separately.",An arithmetic result is not mislabeled as submit-ready by this API.,Preserve distinction when adding provider quote envelopes.
C1-038,CTVS-1,6.2,19,"At zero supply, display bootstrap or residual status instead of a physical-backing division by zero.",profile0,missing,reference/packages/protocol/src/types.ts:44; reference/packages/protocol/src/types.ts:98,,source,"Arithmetic remains defined through virtual balances, but no snapshot/status presentation API reports bootstrap versus residual.",Integrators cannot obtain the required zero-supply status from the provided reference read surface.,"Add a snapshot status derived from S=0 and A, with tests for fresh bootstrap and post-redemption residual."
C1-039,CTVS-1,6.4,19,Admission must respect immutable maximum backing after net fee-exclusive assets are admitted.,profile0,aligned,reference/packages/onchain/lib/ctvs/state_core.ak:180; reference/packages/protocol/src/math/quotes.ts:19; reference/packages/protocol/src/math/limits.ts:35,reference/packages/protocol/tests/math.test.ts:112 enforces economic execution limits separately from previews; docs/reviews/2026-09-18-whitepaper-conformance/probes/c1-economics.ts:20 successor cap acceptance oracle,executed_probe,The cap is applied to successor backing; input includes fees but only net assets consume backing capacity.,Fees cannot disguise backing-cap overruns or incorrectly consume net backing headroom.,Retain fee-boundary cap vectors.
C1-040,CTVS-1,6.4; 7.1,19; 20,Exits require sufficient pre-existing participating shares and gross backing while preserving fees and storage.,profile0,aligned,reference/implementations/ctvs1/onchain/lib/ctvs1/state.ak:95; reference/packages/protocol/src/math/quotes.ts:23; reference/packages/protocol/src/math/transition.ts:43,reference/packages/protocol/tests/math.test.ts:112 enforces economic execution limits separately from previews; docs/reviews/2026-09-18-whitepaper-conformance/probes/c1-economics.ts:20 exit feasibility independent oracle,executed_probe,Onchain checks gross debit <= A and shares <= S; exact successor value preserves fee liability and reserve.,No exit can borrow reserved fees/storage to cover an unsupported gross debit.,Retain upper-bound/low-liquidity cases and node-backed value checks.
C1-041,CTVS-1,6.4,19; 20,"Maximum deposit searches only a prefix-monotone upper-resource predicate, then checks positive issuance.",profile0,aligned,reference/packages/protocol/src/math/limits.ts:30; reference/packages/protocol/src/math/limits.ts:45; reference/packages/protocol/src/math/limits.ts:52,reference/packages/protocol/tests/math.test.ts:154 handles non-prefix positive-output validity without losing a feasible amount; docs/reviews/2026-09-18-whitepaper-conformance/probes/c1-economics.ts:85 exhaustive small capacity domains,executed_probe,"Independent exhaustive small domains matched 4032 maxima, including the d=1 false,d=2 true,d=3 true,d=4 false fee/cap example.",No false zero from searching the full non-prefix execution predicate was found.,Retain independent enumeration and publish the distinction from resource feasibility.
C1-042,CTVS-1,6.4,20,"Maximum deposit rejects invalid states, distinguishes disabled/paused from known zero and reports only an economic maximum.",profile0,aligned,reference/packages/protocol/src/math/limits.ts:11; reference/packages/protocol/src/math/limits.ts:21; reference/packages/protocol/src/math/limits.ts:53,reference/packages/protocol/tests/math.test.ts:163 reports unknown construction separately from economic exhaustion or disabled execution,retained_test,"The result distinguishes unavailable with reason, known zero, economic maximum and unknown construction limit.",No transaction-size or liquidity guarantee is inferred from the arithmetic maximum.,Preserve explicit states in the common integration envelope.
C1-043,CTVS-1,6.4,20,"Expose minimum economic size, economic maxima and distinct construction, stale, unsupported and unknown-liquidity statuses.",profile0,partial,reference/packages/protocol/src/types.ts:116; reference/packages/protocol/src/math/limits.ts:6,,source,Only deposit economic maximum is supplied. No economic-minimum API or complete operation-specific limit/status envelope exists. The paper does not mandate ERC method names or provide algorithms for every maximum.,Callers must currently implement parts of the required integration semantics themselves.,Provide bounded economic-minimum results and honest unsupported/unknown statuses for each operation; prove additional maximum algorithms before offering them.
C1-044,CTVS-1,6.4,20,"Cap, pause and disabled execution modes do not alter the conversion equation.",profile0,aligned,reference/packages/protocol/src/math/quotes.ts:29; reference/packages/protocol/src/math/quotes.ts:31; reference/packages/protocol/src/math/transition.ts:4,"docs/reviews/2026-09-18-whitepaper-conformance/probes/c1-economics.ts:68 price equation unchanged by modes, pauses and fees",executed_probe,"2352 independent conversion comparisons held across valid mode, pause and fee combinations. Invalid states still reject before conversion.",Operational restrictions do not silently reprice shares.,Retain conversion invariance as a separate regression from action availability.
C1-045,CTVS-1,7.1,20,"Entry changes backing by net assets, fees by the entry fee and supply by issued shares; custody rises by gross assets.",profile0,aligned,reference/implementations/ctvs1/onchain/lib/ctvs1/state.ak:86; reference/packages/protocol/src/math/transition.ts:43,reference/implementations/ctvs1/onchain/validators/state_test.ak:147 whitepaper_native_deposit_and_real_spend_handler; docs/reviews/2026-09-18-whitepaper-conformance/probes/c1-economics.ts:20 entry conservation equation,executed_probe,Independent transition probes matched all three counters and the physical custody delta.,No fee or reserve is counted twice on entry.,Retain per-asset complete lifecycle traces.
C1-046,CTVS-1,7.1,20,"Exit changes backing by negative gross assets, fees by exit fee and supply by burned shares; custody falls by net payout.",profile0,aligned,reference/implementations/ctvs1/onchain/lib/ctvs1/state.ak:95; reference/packages/protocol/src/math/transition.ts:43,reference/implementations/ctvs1/onchain/validators/state_test.ak:172 whitepaper_redeem_and_fee_collection; docs/reviews/2026-09-18-whitepaper-conformance/probes/c1-economics.ts:20 exit conservation equation,executed_probe,Both equations and successor fields matched independent probes.,Exit fees stay in custody as liabilities while leaving shareholder backing.,Retain independent gross/net conservation vectors.
C1-047,CTVS-1,7.2; 8.2,20; 21; 23,Direct funding/share inputs use their own key authorization; no implicit caller or token allowance substitutes for it.,profile0,aligned,reference/implementations/ctvs1/onchain/lib/ctvs1/state.ak:128; reference/packages/onchain/lib/ctvs/ledger.ak:60; reference/implementations/ctvs1/client/src/direct.ts:33,reference/implementations/ctvs1/onchain/validators/state_test.ak:449 rejects_foreign_script_input,retained_test,The contract admits only its authentic State plus key-controlled other spending inputs. It fixes receiver/amount/bound in the action.,There is no unsupported script-controlled direct deposit presented as profile 0.,Verify key input witnesses at the full ledger boundary; contract source alone cannot establish signatures.
C1-048,CTVS-1,7.3,21,Entry pause blocks deposit/mint and exit pause blocks withdraw/redeem independently.,profile0,aligned,reference/implementations/ctvs1/onchain/lib/ctvs1/state.ak:63; reference/packages/protocol/src/math/transition.ts:4,reference/packages/protocol/tests/math.test.ts:130 checks each direct and asynchronous permission bit and both pause bits; docs/reviews/2026-09-18-whitepaper-conformance/probes/c1-onchain.ak:92 c1_entry_pause_blocks_exact_share_mint; docs/reviews/2026-09-18-whitepaper-conformance/probes/c1-onchain.ak:111 c1_exit_pause_blocks_exact_asset_withdrawal; docs/reviews/2026-09-18-whitepaper-conformance/probes/c1-onchain.ak:96 c1_exit_pause_does_not_block_exact_share_mint; docs/reviews/2026-09-18-whitepaper-conformance/probes/c1-onchain.ak:115 c1_entry_pause_does_not_block_exact_asset_withdrawal,executed_probe,Source and fresh compiled probes enforce each pause direction without unnecessarily blocking the other.,No cross-direction pause behavior discrepancy was found.,Retain all four pause/operation combinations as compiled and signed regressions.
C1-049,CTVS-1,7.2; 7.3,21,Only configured pause_key may change pause; None disables SetPause.,profile0,aligned,reference/packages/onchain/lib/ctvs/state_core.ak:157; reference/packages/planning/src/maintenance.ts:93,reference/implementations/ctvs1/onchain/validators/state_test.ak:548 rejects_unauthorized_pause; docs/reviews/2026-09-18-whitepaper-conformance/probes/c1-onchain.ak:77 c1_disabled_pause_key_rejects_even_when_key_named,executed_probe,Even naming the usual fixture key cannot enable the branch when Terms.pause_key is None.,Privilege is bound to immutable Terms rather than inferred from a familiar signer.,Retain None and wrong/missing key compiled checks and ledger witness negatives.
C1-050,CTVS-1,7.1; 7.4,20; 21,SetPause may change only pause flags and sequence.,profile0,aligned,reference/packages/onchain/lib/ctvs/state_core.ak:157; reference/packages/onchain/lib/ctvs/state_core.ak:104,reference/implementations/ctvs1/onchain/validators/state_test.ak:268 pause_and_topup_preserve_economics; reference/implementations/ctvs1/client/test/direct.test.ts:156 pause plans require explicit configured authority while maintenance remains available paused,retained_test,"Expected successor preserves backing, supply, fees and storage.",Pause authority does not acquire a value-moving branch.,Add isolated mutated-field pause negatives beyond the positive preservation fixture.
C1-051,CTVS-1,7.3,21,Fee collection is permissionless and remains available while entries/exits are paused.,profile0,aligned,reference/packages/onchain/lib/ctvs/state_core.ak:144; reference/packages/planning/src/maintenance.ts:55,docs/reviews/2026-09-18-whitepaper-conformance/probes/c1-onchain.ak:44 c1_fee_collection_is_permissionless_while_fully_paused,executed_probe,"Fresh compiled source probe succeeds with flags 3, pause_key None, no explicit required signatories and a separate funding key.",Pause or absent administrator cannot prevent correct fee payout.,Retain this as a signed permissionless collection trace as well.
C1-052,CTVS-1,7.3,21,Fee collection pays the entire positive F to the immutable destination and rejects zero liability.,profile0,aligned,reference/packages/onchain/lib/ctvs/state_core.ak:144; reference/packages/onchain/lib/ctvs/ledger.ak:136; reference/packages/planning/src/maintenance.ts:55,docs/reviews/2026-09-18-whitepaper-conformance/probes/c1-onchain.ak:48 c1_fee_collection_rejects_native_underpayment; docs/reviews/2026-09-18-whitepaper-conformance/probes/c1-onchain.ak:52 c1_fee_collection_rejects_native_overpayment; docs/reviews/2026-09-18-whitepaper-conformance/probes/c1-onchain.ak:56 c1_fee_collection_rejects_zero_liability; reference/implementations/ctvs1/client/test/direct.test.ts:126 fee collection pays all liabilities to immutable destination and increments only sequence,executed_probe,Exact native fee amount is enforced in both directions; zero collection rejects. ADA may include externally funded top-up.,"Collector cannot retain fees, redirect them or interpret zero liability as a withdrawal right.",Add immutable fee-destination datum/address compiled negatives.
C1-053,CTVS-1,7.1; 7.3,20; 21,"Fee collection resets F only, preserves A/S/R, and mints no SHARE.",profile0,aligned,reference/packages/onchain/lib/ctvs/state_core.ak:153; reference/packages/onchain/lib/ctvs/state_core.ak:176,reference/implementations/ctvs1/onchain/validators/state_test.ak:172 whitepaper_redeem_and_fee_collection; reference/implementations/ctvs1/client/test/direct.test.ts:126 fee collection pays all liabilities to immutable destination and increments only sequence,retained_test,Successor explicitly sets F=0 and otherwise preserves economics; zero supply delta requires zero mint.,Fee collection does not dilute share accounting.,Retain successor and mint-vector negative cases.
C1-054,CTVS-1,7.3,21,Reserve top-up is permissionless while paused and requires a positive increase.,profile0,aligned,reference/packages/onchain/lib/ctvs/state_core.ak:155; reference/packages/onchain/lib/ctvs/validation.ak:422; reference/packages/planning/src/maintenance.ts:77,docs/reviews/2026-09-18-whitepaper-conformance/probes/c1-onchain.ak:63 c1_zero_topup_rejected; reference/implementations/ctvs1/client/test/direct.test.ts:156 pause plans require explicit configured authority while maintenance remains available paused,executed_probe,The reserve branch has no pause/signer gate and action validation rejects zero/negative amounts.,Necessary reserve funding remains available even during an emergency pause.,Add signed fully paused top-up with a different external funder.
C1-055,CTVS-1,4.4; 7.3,16; 21,Top-up changes only storage and sequence and creates no repayment or reserve withdrawal right.,profile0,aligned,reference/packages/onchain/lib/ctvs/state_core.ak:155; reference/implementations/ctvs1/onchain/lib/ctvs1/state.ak:202,docs/reviews/2026-09-18-whitepaper-conformance/probes/c1-onchain.ak:70 c1_topup_cannot_add_backing; reference/implementations/ctvs1/client/test/direct.test.ts:140 reserve topup cannot remove storage or spend fees,executed_probe,Positive storage change is the only reserve-changing action; there is no sweep/repayment action.,External storage contribution does not buy shares or grant administrator custody.,Retain no-economic-mutation and no-zero/negative-top-up tests.
C1-056,CTVS-1,4.4; 7.1; 7.4,16; 20; 21,Every State transition increments sequence exactly once within bounds and preserves fields not selected by the action.,profile0,aligned,reference/packages/onchain/lib/ctvs/state_core.ak:104; reference/packages/onchain/lib/ctvs/validation.ak:232; reference/packages/onchain/lib/ctvs/state_core.ak:185,reference/implementations/ctvs1/onchain/validators/state_test.ak:349 rejects_wrong_sequence; reference/implementations/ctvs1/client/test/direct.test.ts:140 reserve topup cannot remove storage or spend fees; reference/packages/protocol/tests/math.test.ts:112 enforces economic execution limits separately from previews,retained_test,"Successor is constructed from authenticated old identity and expected action effects, then matched exactly. Q_MAX sequence exhaustion rejects further action.",No in-place identity rewrite or sequence reuse is supported.,Retain altered-identity and sequence-overflow evidence; detailed identity decoding is reviewed separately.
C1-057,CTVS-1,7.4,21,Recompute quotes and user bounds from authenticated old State/Terms rather than caller-reported economic deltas.,profile0,aligned,reference/implementations/ctvs1/onchain/lib/ctvs1/state.ak:118; reference/implementations/ctvs1/onchain/lib/ctvs1/state.ak:133,reference/implementations/ctvs1/onchain/validators/state_test.ak:520 rejects_config_with_modified_terms; reference/implementations/ctvs1/onchain/validators/state_test.ak:371 rejects_minimum_above_quote,retained_test,Redeemer selects operation and bound; every quote is recomputed from a/s and authenticated Terms.,"A client cannot supply an authoritative exchange rate, fee or successor arithmetic.",Keep authenticated-context and substituted-Terms rejection tests.
C1-058,CTVS-1,5.3; 7.4,17; 21,A nonzero share mint/burn requires a supply-update redeemer naming the actual State spend and an independently verified exact State supply delta.,profile0,aligned,reference/packages/onchain/lib/ctvs/state_core.ak:72; reference/packages/onchain/lib/ctvs/state_core.ak:203; reference/implementations/ctvs1/onchain/validators/vault.ak:71,reference/implementations/ctvs1/onchain/validators/state_test.ak:429 rejects_wrong_mint_state_reference; reference/implementations/ctvs1/onchain/validators/state_test.ak:161 whitepaper_deposit_real_mint_handler,retained_test,Both spending and minting paths authenticate the State and couple the delta.,An alternate share-burn route cannot desynchronize the State counter under these predicates.,Retain purpose-bound bidirectional tests; full ledger supply history remains an acceptance gate.
C1-059,CTVS-1,7.4; 8.1,21; 22,Protected successor and payment obligations require distinct valid indices into actual outputs.,profile0,aligned,reference/implementations/ctvs1/onchain/lib/ctvs1/state.ak:62; reference/packages/onchain/lib/ctvs/state_core.ak:145; reference/packages/onchain/lib/ctvs/ledger.ak:16,reference/implementations/ctvs1/onchain/validators/state_test.ak:359 rejects_reused_state_payment_index; reference/packages/onchain/lib/tests/validation_test.ak:343 direct_actions_reject_shared_successor_and_receiver_output,retained_test,Indices are range-checked and lookup fails if missing; State and receiver/fee payout cannot share an output.,One output cannot satisfy both State custody and the protected payment.,Add out-of-range/missing-index compiled negatives in addition to codec/index validation.
C1-060,CTVS-1,8.2,23,"No second vault State, foreign script input, Claim delivery or capability input may join a direct action.",profile0,aligned,reference/implementations/ctvs1/onchain/lib/ctvs1/state.ak:128; reference/packages/onchain/lib/ctvs/ledger.ak:60,reference/implementations/ctvs1/onchain/validators/state_test.ak:449 rejects_foreign_script_input,retained_test,Every ordinary input except own State must have a verification-key payment credential.,The closed script-obligation domain matches the paper and intentionally restricts atomic composition.,Keep this restriction explicit in integration capabilities; relax only with a new proved allocation design.
C1-061,CTVS-1,8.2,23,Reference-only data cannot fund outputs or execute its spending authorization.,profile0,aligned,reference/implementations/ctvs1/onchain/lib/ctvs1/state.ak:128; reference/packages/onchain/lib/ctvs/ledger.ak:11,docs/reviews/2026-09-18-whitepaper-conformance/probes/c1-onchain.ak:133 c1_extra_reference_does_not_change_validated_quote,executed_probe,Economic inputs come from ordinary State/key spends. Extra reference value is not counted by source arithmetic; full balance remains ledger-owned.,A reference script or oracle-shaped UTxO supplies no spendable collateral/backing merely by being present.,Add node-backed insufficient-funding cases where the missing value exists only in references.
C1-062,CTVS-1,8.3; 8.4,23; 24,"Destination matching uses full supported credentials and exact NoDatum/InlineDatum semantics, without replacing recipient datum.",profile0,aligned,reference/packages/onchain/lib/ctvs/ledger.ak:67; reference/packages/planning/src/plan.ts:32,reference/implementations/ctvs1/onchain/validators/state_test.ak:283 rejects_wrong_receiver; reference/implementations/ctvs1/onchain/validators/state_test.ak:296 rejects_receiver_datum_hash_or_inline_mismatch,retained_test,Output address equality includes stake credential; optional inline data is preserved exactly and datum-hash output does not match either supported form.,An address-only match cannot redirect or destroy recipient datum semantics.,Add actual datum-hash and distinct stake-credential compiled cases; retained test name mentions datum hash but its body mutates to a wrong inline datum.
C1-063,CTVS-1,8.3,23; 24,Native economic payout contains exactly the economic token quantity plus storage ADA and no unrelated native assets.,profile0,aligned,reference/packages/onchain/lib/ctvs/ledger.ak:136,reference/implementations/ctvs1/onchain/validators/state_test.ak:306 rejects_underpaid_shares; docs/reviews/2026-09-18-whitepaper-conformance/probes/c1-onchain.ak:123 c1_receiver_cannot_include_unrelated_native_token; docs/reviews/2026-09-18-whitepaper-conformance/probes/c1-onchain.ak:52 c1_fee_collection_rejects_native_overpayment,executed_probe,"Value equality prevents underpayment, native economic overpayment and extra native assets in protected payout.",The output allocation remains closed and unambiguous.,Add direct withdraw overpayment and all-asset-specific payout negatives to retained signed corpus.
C1-064,CTVS-1,8.3; 8.4,23; 24,"ADA payout carries at least the economic amount, with any extra top-up externally funded and protected balances unchanged.",profile0,aligned,reference/packages/onchain/lib/ctvs/ledger.ak:147; reference/implementations/ctvs1/client/src/direct.ts:68,"reference/implementations/ctvs1/client/test/direct.property.test.ts:7 direct operations conserve underlying liabilities, supply and separately funded ADA",retained_test,ADA payout permits economic amount plus external top-up; client reports externalTopups separately and State remains exact.,"ADA fungibility is handled through equations, not attribution of particular lovelace.",Retain signed ADA payout and explicit wallet-effect verification; no exact native-token equality should be incorrectly applied to external ADA top-up.
C1-065,CTVS-1,4.4; 8.2; 8.4,16; 23; 24,Protected State and recipient outputs must have no attached reference script.,profile0,aligned,reference/packages/onchain/lib/ctvs/ledger.ak:67; reference/packages/onchain/lib/ctvs/ledger.ak:116,reference/implementations/ctvs1/onchain/validators/state_test.ak:535 rejects_reference_script_on_state; docs/reviews/2026-09-18-whitepaper-conformance/probes/c1-onchain.ak:128 c1_receiver_cannot_attach_reference_script,executed_probe,"No-reference-script checks exist for State and destination payouts, and fresh recipient mutation rejects.",Witness availability cannot alter protected-output identity/value requirements.,Retain State and recipient negatives for direct and maintenance paths.
C1-066,CTVS-1,4.4; 9.6,16; 27,"Zero supply preserves residual backing under the same virtual math; no last-redeemer bonus, reset, sweep or terminal close.",profile0,aligned,reference/packages/onchain/lib/ctvs/math.ak:44; reference/implementations/ctvs1/onchain/lib/ctvs1/state.ak:188; reference/packages/onchain/lib/ctvs/state_core.ak:104,reference/implementations/ctvs1/onchain/validators/state_test.ak:249 residual_backing_remains_after_full_redemption; reference/implementations/ctvs1/onchain/validators/state_test.ak:652 integer_preview_rounding_fixture,retained_test,"The documented mint-three-for-two/redeem-three-for-one example leaves A=1,S=0. No sweep/close action is present.",This intentionally strands residual under current immutable accounting until future valid entry; it is not a code mismatch.,Add a full signed residual-then-reentry trace and the required zero-supply display status.
C1-067,CTVS-1,9.1; 9.2; 9.3; 9.5,24; 25; 27,"Worked native deposit, redemption and fee-collection examples must preserve all accounting deltas and value partitions.",informative,aligned,reference/packages/onchain/lib/ctvs/math.ak:21; reference/packages/onchain/lib/ctvs/math.ak:44; reference/packages/onchain/lib/ctvs/state_core.ak:144,reference/implementations/ctvs1/onchain/validators/state_test.ak:147 whitepaper_native_deposit_and_real_spend_handler; reference/implementations/ctvs1/onchain/validators/state_test.ak:172 whitepaper_redeem_and_fee_collection,retained_test,"The exact paper numeric sequence is represented in retained compiled fixtures; its fees/reserves are illustrative constants, not live network minima.",No arithmetic inconsistency was found between those paper examples and current kernels.,Publish separately measured actual transaction fees/min-ADA rather than reusing illustration constants.
C1-068,CTVS-1,9.1; 9.4,24; 26; 27,"ADA example must keep backing, fee liability, State reserve and receiver top-up distinct.",informative,aligned,reference/packages/onchain/lib/ctvs/ledger.ak:97; reference/implementations/ctvs1/client/src/direct.ts:68,"reference/implementations/ctvs1/onchain/validators/state_test.ak:190 whitepaper_ada_deposit_separates_reserves; reference/implementations/ctvs1/client/test/direct.property.test.ts:7 direct operations conserve underlying liabilities, supply and separately funded ADA",retained_test,The paper's ADA example is retained and property tests vary external top-ups without buying extra shares.,No reserve dilution was found.,Verify actual node minimum ADA and fee accounting with target parameters.
C1-069,CTVS-1,7.5,21,"The separate real script-controlled user acceptance target must prove funding authority, recipient usability, recovery and replacement-recipient rejection.",acceptance,unverified,reference/implementations/ctvs1/onchain/lib/ctvs1/state.ak:128; reference/testing/integration/ctvs1/lifecycle.test.ts:1,,external_gate,Current direct signed fixtures use key wallets; no pinned real treasury/portfolio guard lifecycle and receiving-validator spend is provided. The paper itself says foreign-script composition is outside restricted profile 0.,"This is an open interoperability acceptance target, not grounds to weaken the direct key-input guard.",Implement and review an explicitly scoped native/extension lifecycle with real guard execution and independent construction.
C1-070,CTVS-1,12.1,35,"S1 unique live State follows only if authenticated genesis, permanent token supply and exact unique succession hold on every accepted transition.",profile0,partial,reference/packages/onchain/lib/ctvs/genesis.ak:20; reference/packages/onchain/lib/ctvs/state_core.ak:78; reference/packages/onchain/lib/ctvs/state_core.ak:185,reference/implementations/ctvs1/onchain/validators/state_test.ak:592 genesis_mints_only_permanent_identities; reference/implementations/ctvs1/onchain/validators/state_test.ak:420 rejects_wrong_mint_quantity; reference/implementations/ctvs1/onchain/validators/state_test.ak:349 rejects_wrong_sequence,retained_test,The code implements the three induction premises in separate paths and selected tests exercise them. There is no machine-checked proof that every compiled accepted transition satisfies the premises. Uniqueness does not imply liveness.,Do not promote local predicates and fixtures into a theorem about all accepted ledger histories.,Complete independent compiled-policy review and whole-history State uniqueness traces; clearly retain the theorem premises.
C1-071,CTVS-1,12.1,35,S2 S=N follows only from zero genesis shares and every nonzero mint/burn being coupled to an accounting transition with matching supply delta.,profile0,partial,reference/packages/onchain/lib/ctvs/genesis.ak:25; reference/packages/onchain/lib/ctvs/state_core.ak:72; reference/packages/onchain/lib/ctvs/state_core.ak:203,reference/implementations/ctvs1/onchain/validators/state_test.ak:608 genesis_rejects_initial_share_issuance; reference/implementations/ctvs1/onchain/validators/state_test.ak:429 rejects_wrong_mint_state_reference; reference/implementations/ctvs1/onchain/validators/state_test.ak:161 whitepaper_deposit_real_mint_handler,retained_test,The implementation has the required genesis/mint/spend coupling; no independent proof covers every compiled accepting path or whole ledger supply. Zero-net gross batch obligations are reviewed under CTVS-2.,"The conditional supply argument is supported, not mechanically proved for the implementation.",Add independent ledger supply reconciliation over mixed histories and preserve zero-net gross checks in the async review.
C1-072,CTVS-1,12.2,35,Ownership conservation combines action value equations with correct complete destination allocation; ledger balance alone is insufficient.,profile0,aligned,reference/implementations/ctvs1/onchain/lib/ctvs1/state.ak:79; reference/implementations/ctvs1/onchain/lib/ctvs1/state.ak:86; reference/packages/onchain/lib/ctvs/state_core.ak:144; reference/packages/onchain/lib/ctvs/ledger.ak:67,docs/reviews/2026-09-18-whitepaper-conformance/probes/c1-economics.ts:20 independent conservation and acceptance oracle; reference/implementations/ctvs1/onchain/validators/state_test.ak:283 rejects_wrong_receiver; reference/implementations/ctvs1/onchain/validators/state_test.ak:359 rejects_reused_state_payment_index,executed_probe,"Per-action equations, fixed payout matching and distinct allocation are implemented and independently probed over bounded direct cases. Predicate composition and arbitrary histories are not formally proved.",The algebra is not treated as a substitute for recipient or ledger checks.,Retain independent bounded economic probes plus balanced recipient/allocation negative transactions.
C1-073,CTVS-1,12.3,35; 36,"Under a valid transition and positive adjusted denominators, rounding must not lower the adjusted A+1 over S+Vs price for deposit, mint, withdraw or redeem.",profile0,aligned,reference/packages/onchain/lib/ctvs/math.ak:21; reference/packages/onchain/lib/ctvs/math.ak:27; reference/packages/onchain/lib/ctvs/math.ak:33; reference/packages/onchain/lib/ctvs/math.ak:44,docs/reviews/2026-09-18-whitepaper-conformance/probes/c1-economics.ts:50 exact cross-multiplication of old and successor adjusted prices; reference/packages/onchain/lib/tests/math_properties.ak:64 deposit_quote_preserves_gross_assets_and_rounds_against_dilution; reference/packages/onchain/lib/tests/math_properties.ak:135 exact_share_mint_requires_sufficient_backing_increase; reference/packages/onchain/lib/tests/math_properties.ak:147 exact_asset_withdrawal_requires_sufficient_share_extinction,executed_probe,"Fresh independent probes compare adjusted prices by exact cross multiplication on each accepted direct transition, including ceiling operations. Positive virtual shares make feasible successor denominators positive.","This concerns the specified adjusted pricing convention, not external NAV truth, investment returns or loss handling.",Keep explicit premises and extend independently authored reachable-state vectors; bounded checks are not an unbounded proof.
C1-074,CTVS-1,12.4,36,An immediate isolated deposit/redeem round trip at unchanged valuation returns gross at most admitted net backing and net at most original gross deposit.,profile0,aligned,reference/packages/onchain/lib/ctvs/math.ak:21; reference/packages/onchain/lib/ctvs/math.ak:44; reference/packages/protocol/src/math/quotes.ts:65; reference/packages/protocol/src/math/quotes.ts:83,docs/reviews/2026-09-18-whitepaper-conformance/probes/c1-economics.ts:54 immediate deposit/redeem gross and net bounds; reference/packages/onchain/lib/tests/math_properties.ak:98 deposit_then_redeem_new_shares_cannot_extract_profit; reference/packages/protocol/tests/math.property.test.ts:72 deposit followed by redeem cannot return more assets than were paid,executed_probe,"Fresh probes quote redemption from the actual deposit successor and compare against admitted and original quantities. No strategy P&L, external subsidies, rewards or checkpoint change is introduced.",The bounded result does not establish absence of authorization attacks or any return claim across external state changes.,Retain exclusions and independent round-trip vectors; formalize complete state-machine assumptions before claiming broader no-profit properties.
C1-075,CTVS-1,12.5,36,Role-safety argument requires actual protected asset identity inspection before any untrusted datum selects a request/refund role.,profile0,partial,reference/implementations/ctvs1/onchain/validators/vault.ak:23; reference/implementations/ctvs1/onchain/validators/vault.ak:31,reference/implementations/ctvs1/onchain/validators/state_test.ak:557 state_identity_cannot_take_request_refund_handler,retained_test,The direct entrypoint requires exactly one STATE before decoding StateSpend and has no request/refund branch. Selected compiled rejection supports the premise; generic role proof and all quantity/identity counterexamples belong to the wire/identity review.,The direct specialization cannot rescue arbitrary request-shaped outputs at its script; it does not implement the general async request branch.,Retain role-before-dispatch review and token quantity/ID misuse negative corpus; do not transfer evidence between family variants.
C1-076,CTVS-1,12.5,36,"Equivalent accepted CBOR spellings must have identical semantic interpretation, and Terms commitment must use the named validated-Data serialization rather than signed transaction bytes.",acceptance,unverified,reference/packages/onchain/lib/ctvs/validation.ak:205; reference/packages/protocol/src/data/codec.ts:1,reference/packages/onchain/lib/tests/validation_test.ak:419 terms_builtin_serialization_and_hash_match_client_fixture,external_gate,"The named serialization/commitment path and a builtin/client fixture exist, but this economics pass does not prove general decoder equivalence. Detailed byte and original-bundle reconciliation is owned by the wire review.",Agreement of local writers is not an independent proof and cannot establish equivalence for every accepted byte spelling.,Use the wire reviewer manifest and adversarial dual-decoder probes; complete original fixture-bundle and independent implementation reconciliation.
C2-001,CTVS-2,1.2; 2.3; 2.4,50; 51; 52,Reuse the shared economics while allowing asynchronous-only entry and exit independently.,profile0,aligned,reference/implementations/ctvs2/onchain/lib/ctvs2/state.ak:9; reference/packages/planning/src/context.ts:25,reference/implementations/ctvs2/onchain/validators/state_test.ak:222 (ctvs2_genesis_and_real_mint_handler_accept_async_terms),retained_test,"Async-only modes 4, 8, 12 are implemented with shared accounting.",,Retain one signed lifecycle for each single-direction mode; current signed fixtures use both directions.
C2-002,CTVS-2,2.4,52,Reference mode bits can express the advertised enabled directions; do not silently ignore bits.,profile0,narrowed,reference/implementations/ctvs2/onchain/lib/ctvs2/state.ak:9; reference/packages/planning/src/context.ts:44,reference/implementations/ctvs2/onchain/validators/state_test.ak:240 (ctvs2_genesis_rejects_direct_and_mixed_modes),retained_test,CTVS-2 rejects every direct or mixed direct/async mask despite the shared wire allowing 1..15. This is an explicit family subset.,One vault cannot support direct entry with async exit or another mixed mode combination.,Document the supported subset in conformance claims or separately implement mixed modes.
C2-003,CTVS-2,2.1; 4.4,51; 58,"Keep funding owner, controller, receiver, settler and pauser as separate powers.",profile0,aligned,reference/implementations/ctvs2/onchain/lib/ctvs2/async.ak:49; reference/implementations/ctvs2/onchain/lib/ctvs2/async.ak:71; reference/implementations/ctvs2/onchain/lib/ctvs2/async.ak:270; reference/implementations/ctvs2/onchain/lib/ctvs2/async.ak:418; reference/packages/onchain/lib/ctvs/state_core.ak:157,reference/implementations/ctvs2/onchain/lib/ctvs2/async.test.ak:124 (cancellation_requires_controller_signatory); reference/testing/integration/ctvs2/guards.test.ts:9 (rejects rewritten Claim recipients and missing settler authorization),retained_test,Distinct keys/destinations are enforced by their respective branches; controller is not assumed to be receiver.,,Add a full signed trace using five distinct roles; existing fixtures reuse some keys.
C2-004,CTVS-2,2.2; 2.4,51; 52,Support immutable open-signing-key and sorted authorized-key-set settlement policies.,profile0,aligned,reference/implementations/ctvs2/onchain/lib/ctvs2/async.ak:418; reference/packages/onchain/lib/ctvs/validation.ak:169,reference/implementations/ctvs2/onchain/lib/ctvs2/async.test.ak:573 (settler_keyset_is_enforced),retained_test,AnySettler accepts a signing reward key; KeySet additionally checks immutable membership.,,Add signed success with an authorized key and signed rejection with an unauthorized key under KeySet.
C2-005,CTVS-2,2.4; 14.4,52; 81,"Require explicit reward-key signatory membership, including zero-fee batches, with actual ledger witnesses separately checked.",profile0,aligned,reference/implementations/ctvs2/onchain/lib/ctvs2/async.ak:418; reference/implementations/ctvs2/client/src/batch.ts:142; reference/testing/ledger/recorder.ts:86,reference/implementations/ctvs2/onchain/lib/ctvs2/async.test.ak:442 (batch_requires_settler_explicit_signature_even_for_zero_reward); reference/testing/integration/ctvs2/guards.test.ts:9 (rejects rewritten Claim recipients and missing settler authorization),retained_test,Explicit signatories and actual signature witnesses are distinct checks.,,Retain signed zero-reward authorization coverage in addition to predicate coverage.
C2-006,CTVS-2,2.4,52,"Authorized-key identity depends on credential bytes, not the textual spelling of hexadecimal.",profile0,contradiction,reference/implementations/ctvs2/client/src/batch.ts:54; reference/implementations/ctvs2/client/src/batch.ts:55; reference/implementations/ctvs2/onchain/lib/ctvs2/async.ak:421,docs/reviews/2026-09-18-whitepaper-conformance/probes/c2-client-boundaries.ts:22 (settler hex normalization),executed_probe,The SDK encodes lower/uppercase keys identically but compares KeySet membership using case-sensitive string includes. Uppercase spelling of an authorized key is falsely rejected.,An otherwise permitted batch cannot be planned for semantically identical authorized key bytes.,"Normalize byte identities before membership checks and retain a lowercase/uppercase regression. This is an SDK false rejection, not a custody bypass."
C2-007,CTVS-2,2.3; 4.2,51; 52; 56,"Profile 0 supports exact gross-asset deposits and exact-share redemptions, full fill only.",profile0,aligned,reference/implementations/ctvs2/onchain/lib/ctvs2/async.ak:210; reference/implementations/ctvs2/onchain/lib/ctvs2/async.ak:281; reference/packages/protocol/src/wire/requests.ts:45,reference/implementations/ctvs2/client/test/requests-batch.test.ts:29 (port: creation records a funded candidate without State spend or self-reference),retained_test,Only the two request kinds are decoded; quoted offered quantity must equal actual escrow value.,,Add compiled rejection for an attempted partial-fill remainder output with altered claimed quantities.
C2-008,CTVS-2,3.1; 13.1,53; 78,"The chain consumption of a request selects settlement, cancellation or expiry, and consumption of a claim selects delivery.",profile0,aligned,reference/implementations/ctvs2/onchain/validators/vault.ak:19; reference/implementations/ctvs2/onchain/lib/ctvs2/async.ak:87; reference/implementations/ctvs2/onchain/lib/ctvs2/claim.ak:69,reference/testing/integration/ctvs2/lifecycle.test.ts:42 (recovers unsupported economics with controller cancellation and permissionless expiry),retained_test,Branches are tied to actual spending-purpose references; no offchain selection authority exists.,,Add same-request cancellation-versus-settlement competing transaction traces on a ledger.
C2-009,CTVS-2,3.2; 4.1,53; 56,Creating a deposit Request must not change backing or supply.,profile0,aligned,reference/implementations/ctvs2/client/src/requests.ts:28; reference/implementations/ctvs2/client/src/requests.ts:30; reference/implementations/ctvs2/client/src/requests.ts:42,reference/implementations/ctvs2/client/test/requests-batch.test.ts:29 (port: creation records a funded candidate without State spend or self-reference),retained_test,Creation has no State input and no mint; it funds a separate output and labels pending deposit participation.,,"Add a signed explicit before/after State read for ordinary request creation, rather than inferring from transaction shape."
C2-010,CTVS-2,3.2; 13.2,53; 78,"Deposit settlement admits net underlying, accrues fee and issues already-participating shares to a funded Claim.",profile0,aligned,reference/implementations/ctvs2/onchain/lib/ctvs2/async.ak:225; reference/implementations/ctvs2/onchain/lib/ctvs2/async.ak:260; reference/implementations/ctvs2/onchain/lib/ctvs2/async.ak:470,reference/testing/integration/ctvs2/lifecycle.test.ts:14 (settles deposits and redemptions into authenticated funded Claims),retained_test,"The participation cutover is encoded by State and mint changes during Batch, not delivery.",,Add a signed delayed-delivery trace across an intervening independent State transition.
C2-011,CTVS-2,3.3; 4.1,54; 56,Redemption request creation locks existing participating shares without burning or reducing supply.,profile0,aligned,reference/implementations/ctvs2/client/src/requests.ts:30; reference/implementations/ctvs2/client/src/requests.ts:45; reference/packages/planning/src/value.ts:24,reference/implementations/ctvs2/client/test/requests-batch.test.ts:29 (port: creation records a funded candidate without State spend or self-reference),retained_test,The planner locks SHARE and carries its participation label; mint is empty.,,Add signed request-creation assertions proving supply remains unchanged before settlement.
C2-012,CTVS-2,3.3; 13.2,54; 78,Redemption settlement extinguishes shares and fixes a funded net-asset claim outside remaining backing.,profile0,aligned,reference/implementations/ctvs2/onchain/lib/ctvs2/async.ak:236; reference/implementations/ctvs2/onchain/lib/ctvs2/async.ak:247; reference/implementations/ctvs2/onchain/lib/ctvs2/async.ak:476,reference/testing/integration/ctvs2/lifecycle.test.ts:14 (settles deposits and redemptions into authenticated funded Claims),retained_test,"State debits gross assets, fee accrues, claim contains net underlying and supply burns at settlement.",,Add a signed delayed-redemption-claim delivery across later vault activity.
C2-013,CTVS-2,3.2; 3.3; 7.3,53; 54; 63,"Delivery only relocates property and must not reprice, mint or consume accounting State.",profile0,aligned,reference/implementations/ctvs2/onchain/lib/ctvs2/claim.ak:96; reference/implementations/ctvs2/onchain/lib/ctvs2/claim.ak:98; reference/implementations/ctvs2/client/src/delivery.ts:29,reference/implementations/ctvs2/onchain/validators/claim_test.ak:98 (delivers_all_actual_assets_across_vaults_without_state_or_config); reference/implementations/ctvs2/onchain/validators/claim_test.ak:205 (delivery_cannot_mint_even_unrelated_assets),retained_test,Q reads claim inputs and fixed destinations; no live vault data or conversion is referenced.,,No contract change identified; separately obtain node-backed acceptance.
C2-014,CTVS-2,3.4; 7.1,55; 63,Legitimate settlement claims must hold the exact promised asset and quantity plus positive carried ADA.,profile0,aligned,reference/implementations/ctvs2/onchain/lib/ctvs2/async.ak:288; reference/implementations/ctvs2/onchain/lib/ctvs2/async.ak:297,reference/implementations/ctvs2/onchain/lib/ctvs2/async.test.ak:454 (batch_rejects_missing_gross_claim_when_net_mint_is_zero),retained_test,Claim datum and complete Value are exact outputs derived from economics.,,"Add independent compiled negative vectors for wrong asset, one-unit economic underpayment, one-unit ADA deficit and unexplained creation surplus."
C2-015,CTVS-2,3.5,55,"Economic-history verification must include balances, supply, fees and claim quantities rather than phase labels alone.",profile0,partial,reference/implementations/ctvs2/client/src/settlement.ts:66; reference/implementations/ctvs2/client/src/batch.ts:76,docs/reviews/2026-09-18-whitepaper-conformance/probes/c2-semantic-examples.ts:39 (section 3.5 economic histories),executed_probe,Both printed histories reproduce their distinct arithmetic outcomes. No full state-space lifecycle model or independent reachable-history explorer is present.,Phase-correct traces do not establish arbitrary economic-history correctness.,Retain an economic-state model and compare full traces; prove chosen initial states reachable for each implementation family.
C2-016,CTVS-2,3.6,55,"Do not put authoritative pending queue counts in independently updated State, or close/sweep merely because supply is zero.",profile0,aligned,reference/packages/onchain/lib/ctvs/wire.ak:70; reference/implementations/ctvs2/onchain/lib/ctvs2/state.ak:13,reference/implementations/ctvs2/onchain/validators/state_test.ak:298 (ctvs2_state_handler_rejects_all_direct_action_tags),retained_test,"State has fixed accounting fields and no queue count or close action. This cited test establishes family dispatch only, not an async residual lifecycle.",,Add async last-redemption/residual rebootstrap and unsupported close-action regressions.
C2-017,CTVS-2,4.1,56,"Request identity is the originating output reference learned after construction, not a self-referential datum transaction hash.",profile0,aligned,reference/implementations/ctvs2/client/src/requests.ts:13; reference/implementations/ctvs2/client/src/requests.ts:47; reference/implementations/ctvs2/onchain/lib/ctvs2/async.ak:265,reference/implementations/ctvs2/client/test/requests-batch.test.ts:29 (port: creation records a funded candidate without State spend or self-reference),retained_test,"Identity remains external until construction, then Batch commits predecessor references.",,Keep authenticity and indexing requirements distinct from this representation check.
C2-018,CTVS-2,4.1; 3.6,55; 56,"Candidate creation is not authenticated controller origination, capacity reservation or admission; no request NFT is required.",profile0,aligned,reference/implementations/ctvs2/client/src/requests.ts:14; reference/implementations/ctvs2/client/src/requests.ts:46; reference/implementations/ctvs2/onchain/lib/ctvs2/async.ak:167,reference/implementations/ctvs2/client/test/requests-batch.test.ts:29 (port: creation records a funded candidate without State spend or self-reference),retained_test,Planner explicitly labels candidate attribution and settlement validates the consumed output. No NFT is added.,,Provider disclosure and authenticated origin views remain the separate integration review.
C2-019,CTVS-2,4.2; 8.1; 13.6,56; 66; 79,"Dispatch through supported Recovery before downcasting economic_body, including unknown economics and oversized settlement bodies.",profile0,aligned,reference/implementations/ctvs2/onchain/lib/ctvs2/async.ak:85; reference/packages/onchain/lib/ctvs/decode.ak:104,reference/implementations/ctvs2/onchain/validators/lifecycle_test.ak:137 (actual_vault_cancel_dispatch_recovers_unsupported_oversized_body_and_surplus); reference/implementations/ctvs2/onchain/lib/ctvs2/async.test.ak:118 (cancellation_does_not_decode_bad_success_receiver_or_fee_budget),retained_test,Economic_body remains raw Data for Cancel and ExpiryRefund.,,"Add a property over arbitrary raw bodies at the actual vault endpoint, bounded only by transaction feasibility."
C2-020,CTVS-2,4.2; 8.1,56; 66,"Unknown outer version, malformed recovery, invalid refund or unsupported controller is not promised recovery.",profile0,aligned,reference/implementations/ctvs2/onchain/validators/vault.ak:56; reference/packages/onchain/lib/ctvs/validation.ak:262,reference/implementations/ctvs2/onchain/validators/lifecycle_test.ak:167 (actual_vault_cancel_rejects_unknown_outer_version),retained_test,Exact Recovery decoding and destination validation fail closed; unknown version has actual endpoint coverage.,,"Add actual endpoint regressions for malformed controller, malformed refund and wrong recovery arity, beyond codec tests."
C2-021,CTVS-2,4.2; 5.6,56; 60,"Settlement must check vault, Terms, direction, positive input/minimum, funding, budget and full completion.",profile0,aligned,reference/implementations/ctvs2/onchain/lib/ctvs2/async.ak:174; reference/implementations/ctvs2/onchain/lib/ctvs2/async.ak:194; reference/implementations/ctvs2/onchain/lib/ctvs2/async.ak:275,"reference/implementations/ctvs2/client/test/requests-batch.test.ts:186 (eligibility rejects expired, underfunded, wrong-terms and sub-minimum requests); reference/implementations/ctvs2/onchain/lib/ctvs2/async.test.ak:590 (unsupported_economics_are_rejected_by_batch_single_decode)",retained_test,All predicates appear in the covered-request path; a supported Recovery alone cannot authorize settlement.,,Expand compiled negative cases for each predicate independently; current SDK negatives are not compiled evidence.
C2-022,CTVS-2,4.3,57,"Native deposits contain exactly offered underlying and storage plus execution budget, with no other native asset.",profile0,aligned,reference/implementations/ctvs2/onchain/lib/ctvs2/async.ak:281; reference/packages/planning/src/value.ts:24,reference/testing/integration/ctvs2/lifecycle.test.ts:14 (settles deposits and redemptions into authenticated funded Claims),retained_test,Closed request Value is compared exactly for native deposits.,,Add compiled extra-asset and one-unit underfunding negatives for native deposit requests.
C2-023,CTVS-2,4.3,57,"ADA deposits contain offered ADA plus storage plus execution budget, without counting reserves as backing.",profile0,aligned,reference/implementations/ctvs2/onchain/lib/ctvs2/async.ak:178; reference/implementations/ctvs2/onchain/lib/ctvs2/async.ak:281; reference/packages/onchain/lib/ctvs/ledger.ak:89,reference/testing/integration/ctvs2/lifecycle.test.ts:14 (settles deposits and redemptions into authenticated funded Claims),retained_test,ADA components are summed into physical value while pricing only body.offered.,,Add compiled reserve-as-economic-input and combined-ADA overflow negatives.
C2-024,CTVS-2,4.3,57,Redemption escrow contains exact pre-existing SHARE and storage plus budget.,profile0,aligned,reference/implementations/ctvs2/onchain/lib/ctvs2/async.ak:245; reference/implementations/ctvs2/onchain/lib/ctvs2/async.ak:281,reference/testing/integration/ctvs2/lifecycle.test.ts:14 (settles deposits and redemptions into authenticated funded Claims),retained_test,Economic input asset is policy SHARE and quantity is the full offered amount.,,Add compiled wrong-SHARE-policy/name and surplus-SHARE request cases.
C2-025,CTVS-2,4.3; 7.1,57; 63,Carry storage plus unused execution budget minus exact fee plus external top-up to the successful receiver through Claim.,profile0,aligned,reference/implementations/ctvs2/onchain/lib/ctvs2/async.ak:260; reference/implementations/ctvs2/onchain/lib/ctvs2/async.ak:271,"reference/implementations/ctvs2/onchain/lib/ctvs2/async.test.ak:430 (external_claim_topup_is_carried_without_buying_shares); reference/implementations/ctvs2/client/test/requests-batch.test.ts:66 (port: per-request fee, carried ADA, reward signer and both acknowledgment links)",retained_test,Carried amount is explicit in Claim and its exact physical Value.,,"Add a compiled theft case that lowers carried ADA while raising settler reward, with balanced aggregate value."
C2-026,CTVS-2,4.3; 14.1,57; 58; 80,The exact per-request settler fee cannot exceed budget or be chosen by the executor.,profile0,aligned,reference/packages/onchain/lib/ctvs/validation.ak:280; reference/implementations/ctvs2/onchain/lib/ctvs2/async.ak:232; reference/implementations/ctvs2/onchain/lib/ctvs2/async.ak:466,"reference/implementations/ctvs2/client/test/requests-batch.test.ts:66 (port: per-request fee, carried ADA, reward signer and both acknowledgment links)",retained_test,The fee comes only from immutable RequestBody and is summed per request.,,Add compiled invalid-budget and fee-increase attempts with otherwise valid transaction allocations.
C2-027,CTVS-2,4.4,58,"Controller cancellation requires the committed key, which may differ from owner and receiver.",profile0,aligned,reference/implementations/ctvs2/onchain/lib/ctvs2/async.ak:49; reference/implementations/ctvs2/onchain/lib/ctvs2/async.ak:71,reference/implementations/ctvs2/onchain/lib/ctvs2/async.test.ak:124 (cancellation_requires_controller_signatory),retained_test,The controller is read from Recovery; refund is independently fixed.,,"Add signed cancellation with distinct funding, controller and refund keys plus absent-controller rejection."
C2-028,CTVS-2,4.5; 3.6,55; 58,Protected STATE/ID assets select or reject State dispatch before untrusted Request data can route custody to refund.,profile0,aligned,reference/implementations/ctvs2/onchain/validators/vault.ak:31; reference/implementations/ctvs2/onchain/validators/vault.ak:34; reference/implementations/ctvs2/onchain/lib/ctvs2/async.ak:57,reference/implementations/ctvs2/onchain/lib/ctvs2/async.test.ak:190 (request_shaped_state_cannot_use_recovery),retained_test,Actual input tokens precede Request decoding; State quantity must be exactly one.,,"Add actual vault-endpoint tests for request-shaped STATE and unexpected ID, rather than only direct recovery helper."
C2-029,CTVS-2,4.5,58,Reject attached reference scripts on protected Request and Claim inputs and created outputs.,profile0,aligned,reference/implementations/ctvs2/onchain/validators/vault.ak:29; reference/implementations/ctvs2/onchain/lib/ctvs2/async.ak:196; reference/implementations/ctvs2/onchain/lib/ctvs2/async.ak:296; reference/implementations/ctvs2/onchain/lib/ctvs2/claim.ak:53,reference/implementations/ctvs2/onchain/validators/claim_test.ak:240 (reference_script_on_delivery_output_is_rejected),retained_test,Every protected path has an explicit None reference-script condition.,,"Retain separate negative tests on source Request, source Claim and created Claim, not only delivery output."
C2-030,CTVS-2,4.5; 8.1,58; 66,Extra request assets invalidate settlement but all actual assets remain preserved by supported recovery.,profile0,aligned,reference/implementations/ctvs2/onchain/lib/ctvs2/async.ak:281; reference/implementations/ctvs2/onchain/lib/ctvs2/async.ak:74,reference/implementations/ctvs2/onchain/lib/ctvs2/async.test.ak:135 (cancellation_preserves_unexpected_asset); reference/implementations/ctvs2/onchain/validators/lifecycle_test.ak:137 (actual_vault_cancel_dispatch_recovers_unsupported_oversized_body_and_surplus),retained_test,Settlement uses exact Value equality; refund uses a pointwise lower bound across source assets.,,Add one paired compiled fixture that fails settlement due only to surplus and succeeds recovery unchanged.
C2-031,CTVS-2,5.1,58,"Price every covered request against the same authenticated pre-settlement State, not a sequentially updated balance.",profile0,aligned,reference/implementations/ctvs2/onchain/lib/ctvs2/async.ak:215; reference/implementations/ctvs2/onchain/lib/ctvs2/async.ak:238; reference/implementations/ctvs2/onchain/lib/ctvs2/async.ak:351,reference/implementations/ctvs2/onchain/lib/ctvs2/async.test.ak:417 (mixed_batch_uses_one_old_snapshot_despite_rounding); reference/implementations/ctvs2/client/test/settlement.property.test.ts:8 (batch permutations keep one snapshot and allocate every request exactly once),retained_test,old State and immutable Terms are reused through all entries.,,Add a balanced signed mixed deposit/redemption batch with rounding-sensitive quantities.
C2-032,CTVS-2,5.1,58,Deposit fees round up on gross input and issued shares round down on net assets using authenticated virtual balances.,profile0,aligned,reference/packages/onchain/lib/ctvs/math.ak:17; reference/packages/onchain/lib/ctvs/math.ak:21; reference/implementations/ctvs2/onchain/lib/ctvs2/async.ak:215,reference/packages/onchain/lib/tests/math_properties.ak:64 (deposit_quote_preserves_gross_assets_and_rounds_against_dilution),retained_test,Code implements ceil(d*b/(10000+b)) then floor((d-fee)*(S+Vs)/(A+1)).,,Preserve independently expected edge vectors including rates 0 and 9999 and minimal positive outcomes.
C2-033,CTVS-2,5.1,59,"Redemption gross assets round down, fees round up on gross assets and payout is gross less fee.",profile0,aligned,reference/packages/onchain/lib/ctvs/math.ak:44; reference/implementations/ctvs2/onchain/lib/ctvs2/async.ak:238,reference/packages/onchain/lib/tests/math_properties.ak:80 (redeem_quote_preserves_gross_assets_and_never_debits_more_than_backing),retained_test,Code implements the printed floor and ceiling formula.,,Retain independently expected edge vectors across virtual-share magnitudes and fee boundaries.
C2-034,CTVS-2,5.1; 14.1,59; 80,Round each request economic fee separately rather than charging a rounded aggregate.,profile0,aligned,reference/implementations/ctvs2/onchain/lib/ctvs2/async.ak:215; reference/implementations/ctvs2/onchain/lib/ctvs2/async.ak:238; reference/implementations/ctvs2/onchain/lib/ctvs2/async.ak:231; reference/implementations/ctvs2/onchain/lib/ctvs2/async.ak:254,,source,Each quote is computed within accumulate before fee totals are summed.,,"Add a split-versus-unsplit example where aggregate rounding differs, at both SDK and compiled levels."
C2-035,CTVS-2,5.1; 5.6,59; 60,Every included request must have positive economic input/result and satisfy its minimum output.,profile0,aligned,reference/packages/onchain/lib/ctvs/validation.ak:278; reference/implementations/ctvs2/onchain/lib/ctvs2/async.ak:276; reference/implementations/ctvs2/onchain/lib/ctvs2/async.ak:280,"reference/implementations/ctvs2/client/test/requests-batch.test.ts:186 (eligibility rejects expired, underfunded, wrong-terms and sub-minimum requests)",retained_test,"Positive gross, net, shares and request minimum are explicit. The SDK rejection test does not exercise compiled failure.",,Add compiled zero-output and sub-minimum balanced negative transactions.
C2-036,CTVS-2,5.2,59,Successor backing adds net deposits and subtracts gross redemptions.,profile0,aligned,reference/implementations/ctvs2/onchain/lib/ctvs2/async.ak:476; reference/implementations/ctvs2/client/src/batch.ts:74,reference/packages/onchain/lib/tests/math_properties.ak:161 (mixed_snapshot_accounting_preserves_underlying_and_supply),retained_test,"Formula is implemented exactly, including per-request fees outside backing.",,Include an adversarial successor with correct supply but wrong backing in compiled tests.
C2-037,CTVS-2,5.2,59,Successor supply adds gross issued shares and subtracts redeemed shares; accrued fees add entry and exit fees.,profile0,aligned,reference/implementations/ctvs2/onchain/lib/ctvs2/async.ak:477; reference/implementations/ctvs2/onchain/lib/ctvs2/async.ak:478; reference/implementations/ctvs2/client/src/batch.ts:80,reference/packages/onchain/lib/tests/math_properties.ak:161 (mixed_snapshot_accounting_preserves_underlying_and_supply),retained_test,Gross totals remain separately accumulated before successor composition.,,Add altered-supply and altered-fee successor rejection cases tied to actual State endpoint.
C2-038,CTVS-2,5.2; 6.4,59; 61,Native SHARE mint equals net issuance; all other minting is forbidden and nonzero mint is state-coupled.,profile0,aligned,reference/implementations/ctvs2/onchain/lib/ctvs2/async.ak:450; reference/packages/onchain/lib/ctvs/state_core.ak:72; reference/implementations/ctvs2/onchain/validators/vault.ak:83,reference/implementations/ctvs2/onchain/validators/state_test.ak:191 (zero_net_batch_runs_state_and_both_request_handlers),retained_test,"Whole mint Value is exact, and nonzero mint has a purpose-bound UpdateSupply back-link.",,Add signed nonzero mixed batch and compiled unrelated-policy/name mint negatives.
C2-039,CTVS-2,5.2,59,"Physical underlying change equals gross deposits less net payouts, keeping State reserve unchanged.",profile0,aligned,reference/implementations/ctvs2/onchain/lib/ctvs2/async.ak:479; reference/packages/onchain/lib/ctvs/ledger.ak:97; reference/packages/onchain/lib/ctvs/state_core.ak:186,reference/packages/onchain/lib/tests/math_properties.ak:161 (mixed_snapshot_accounting_preserves_underlying_and_supply),retained_test,Exact State and Claim Values plus economic equations enforce the partition under ledger conservation.,,A full ledger proof still requires the ledger conservation premise; add independent balanced-theft vectors.
C2-040,CTVS-2,5.3; 5.6,59; 60,"Bound nonnegative successor balances and participating aggregate economic/physical amounts, including offsetting gross flows.",profile0,aligned,reference/implementations/ctvs2/onchain/lib/ctvs2/async.ak:436; reference/implementations/ctvs2/onchain/lib/ctvs2/async.ak:482; reference/packages/onchain/lib/ctvs/validation.ak:234,reference/implementations/ctvs2/client/test/requests-batch.test.ts:147 (port: gross issuance overflow cannot be concealed by same-transaction redemption); reference/implementations/ctvs2/onchain/lib/ctvs2/async.test.ak:585 (claim_topup_aggregate_must_fit_quantity_bound),retained_test,"Both gross totals and successor fields are bounded, so netting cannot hide overflow.",,Add compiled gross-issued and gross-redeemed overflow cases; existing gross-issued negative is SDK-only.
C2-041,CTVS-2,5.3,59,"Apply max_backing to the final balance, allowing atomic deposit/redemption offsets.",profile0,aligned,reference/implementations/ctvs2/onchain/lib/ctvs2/async.ak:482; reference/implementations/ctvs2/client/src/batch.ts:83,"reference/implementations/ctvs2/client/test/requests-batch.test.ts:124 (deposit and redemption price against one old State, with only final-balance cap enforcement)",retained_test,No undocumented gross deposit cap replaces the final-balance cap.,,Add compiled final-cap offset success and over-cap rejection; SDK evidence alone is limited.
C2-042,CTVS-2,5.3,59,"Gross redeemed shares must not exceed old participating supply, even if new issues offset the final supply.",profile0,aligned,reference/implementations/ctvs2/onchain/lib/ctvs2/async.ak:450; reference/implementations/ctvs2/client/src/batch.ts:72,reference/implementations/ctvs2/onchain/lib/ctvs2/async.test.ak:543 (gross_redemptions_cannot_exceed_old_supply_even_if_deposits_offset); reference/implementations/ctvs2/client/test/requests-batch.test.ts:169 (aggregate extinction requires pre-existing participating shares),retained_test,The old supply bound is checked on burned total rather than final net supply.,,No source discrepancy identified; signed mixed zero-net evidence remains a separate gate.
C2-043,CTVS-2,5.3; 5.5,59; 60,Atomic physical netting is allowed but every request must still receive a fully funded Claim.,profile0,aligned,reference/implementations/ctvs2/onchain/lib/ctvs2/async.ak:297; reference/implementations/ctvs2/onchain/lib/ctvs2/async.ak:451,reference/implementations/ctvs2/onchain/validators/state_test.ak:191 (zero_net_batch_runs_state_and_both_request_handlers); reference/implementations/ctvs2/onchain/validators/state_test.ak:210 (zero_net_batch_rejects_missing_gross_claim),retained_test,"No mint-policy invocation is needed for zero net, but State and Requests still validate both gross obligations.",,Build a real signed zero-net mixed transaction; current retained zero-net evidence is native endpoint/context testing.
C2-044,CTVS-2,5.4,59,Deterministic reference ordering is not global FIFO or an all-request fairness promise.,informative,aligned,reference/implementations/ctvs2/onchain/lib/ctvs2/async.ak:344; reference/implementations/ctvs2/client/src/batch.ts:57,,source,Only selected consumed requests are ordered. No global queue proof or FIFO selection exists.,,Keep provider disclosures explicit; do not advertise stronger fairness from these guards.
C2-045,CTVS-2,5.6; 6.4,60; 61,"Batch entries carry references, output indices and external top-ups only; recompute every economic number.",profile0,aligned,reference/implementations/ctvs2/onchain/lib/ctvs2/async.ak:167; reference/implementations/ctvs2/onchain/lib/ctvs2/async.ak:215; reference/implementations/ctvs2/onchain/lib/ctvs2/async.ak:238,,source,"The validator derives quotes from authenticated Terms and RequestBody, not caller-supplied totals.",,Add a mutation corpus around all economic source fields to demonstrate rejection for stale or changed commitments.
C2-046,CTVS-2,6.1; 6.2,60,Request acknowledgments require the actual ordinary State input and its StateSpend Batch redeemer.,profile0,aligned,reference/implementations/ctvs2/onchain/lib/ctvs2/async.ak:95; reference/implementations/ctvs2/onchain/lib/ctvs2/async.ak:99; reference/implementations/ctvs2/onchain/lib/ctvs2/async.ak:106,reference/implementations/ctvs2/onchain/lib/ctvs2/async.test.ak:548 (request_acknowledgment_requires_real_consumed_state); reference/implementations/ctvs2/onchain/lib/ctvs2/async.test.ak:561 (request_acknowledgment_matches_actual_batch_branch),retained_test,Reference-only State fails and the redeemer is looked up by Spend(state_ref).,,Add retained negatives for real State spent by Pause and TopUpReserve; the positive Batch test does not cover these substitutions.
C2-047,CTVS-2,6.2,60,Every Request must acknowledge the same exact State reference and Cancel cannot count as settlement acknowledgment.,profile0,aligned,reference/implementations/ctvs2/onchain/lib/ctvs2/async.ak:185; reference/implementations/ctvs2/onchain/lib/ctvs2/async.ak:203,reference/implementations/ctvs2/onchain/lib/ctvs2/async.test.ak:468 (batch_rejects_cancellation_as_acknowledgment),retained_test,AcknowledgeBatch is pattern matched in the State Batch path and its state_ref compared.,,Add a wrong-but-existing State reference negative alongside the Cancel substitution.
C2-048,CTVS-2,6.3,61,Cover every consumed P Request exactly once before filtering on economic eligibility.,profile0,aligned,reference/implementations/ctvs2/onchain/lib/ctvs2/async.ak:308; reference/implementations/ctvs2/onchain/lib/ctvs2/async.ak:416; reference/implementations/ctvs2/onchain/lib/ctvs2/async.ak:351,reference/implementations/ctvs2/onchain/lib/ctvs2/async.test.ak:492 (batch_rejects_omitted_consumed_request); reference/implementations/ctvs2/onchain/lib/ctvs2/async.test.ak:649 (batch_traversal_rejects_state_substituted_for_request_at_equal_count),retained_test,"Count all P inputs other than authentic State, then validate each unique resolved entry.",,"Add an extra malformed P input omitted from entries, proving invalid candidates cannot be filtered away."
C2-049,CTVS-2,6.3,61,"Entry references are unique, ordered by transaction bytes/index, nonempty and bounded by both max_batch and 16.",profile0,aligned,reference/implementations/ctvs2/onchain/lib/ctvs2/async.ak:344; reference/implementations/ctvs2/onchain/lib/ctvs2/async.ak:410,"reference/implementations/ctvs2/onchain/lib/ctvs2/async.test.ak:615 (batch_traversal_rejects_duplicate_request_with_distinct_claims); reference/implementations/ctvs2/onchain/lib/ctvs2/async.test.ak:632 (batch_traversal_rejects_reverse_request_order); reference/implementations/ctvs2/client/test/requests-batch.test.ts:215 (settler authority, batch count and paused direction are independently enforced)",retained_test,"Strict increasing ordering yields uniqueness, and all entries resolve actual input references.",,"Add actual State endpoint tests at counts 0, 1, 16, 17 and max_batch below the structural maximum."
C2-050,CTVS-2,6.4,61,"State, every Claim and positive reward use distinct in-range output indices, even for identical receivers.",profile0,aligned,reference/implementations/ctvs2/onchain/lib/ctvs2/async.ak:403; reference/implementations/ctvs2/onchain/lib/ctvs2/async.ak:350; reference/packages/onchain/lib/ctvs/ledger.ak:16,reference/implementations/ctvs2/onchain/lib/ctvs2/async.test.ak:505 (batch_rejects_shared_claim_index); reference/implementations/ctvs2/onchain/lib/ctvs2/async.test.ak:666 (batch_traversal_rejects_claim_and_state_output_collision); reference/implementations/ctvs2/onchain/lib/ctvs2/async.test.ak:683 (batch_traversal_rejects_reward_and_state_output_collision),retained_test,Allocated indices include State and reward before Claims are added.,,Add Claim-versus-reward collision and out-of-range output mutations as separate compiled regressions.
C2-051,CTVS-2,6.4; 7.1,61; 63,"Each Claim binds consumed Request/State refs, vault, Terms, correct result asset/amount, receiver and carried ADA.",profile0,aligned,reference/implementations/ctvs2/onchain/lib/ctvs2/async.ak:261; reference/implementations/ctvs2/onchain/lib/ctvs2/async.ak:295,"reference/implementations/ctvs2/client/test/requests-batch.test.ts:66 (port: per-request fee, carried ADA, reward signer and both acknowledgment links); reference/testing/integration/ctvs2/guards.test.ts:9 (rejects rewritten Claim recipients and missing settler authorization)",retained_test,The expected Claim datum is constructed from authenticated sources and compared structurally.,,"Add independent wrong-ref, wrong-Terms, wrong-asset and wrong-amount compiled negatives, not just recipient mutation."
C2-052,CTVS-2,2.4; 6.4,52; 62,Zero total request fees require no reward output.,profile0,aligned,reference/implementations/ctvs2/onchain/lib/ctvs2/async.ak:456; reference/implementations/ctvs2/client/src/batch.ts:105,reference/implementations/ctvs2/onchain/lib/ctvs2/async.test.ak:412 (zero_net_mint_batch_still_settles_both_gross_obligations); reference/implementations/ctvs2/client/test/requests-batch.test.ts:93 (port: zero-net mint retains both gross obligations and deterministic reference order),retained_test,None is mandatory when total rewards are zero; SDK disallows reward top-up in that case.,,Add compiled zero-fee Some(reward_index) rejection.
C2-053,CTVS-2,2.4; 6.4,52; 62,"Positive total fees require one ADA-only reward at the signing key enterprise address, NoDatum, no script, value at least exact fees.",profile0,aligned,reference/implementations/ctvs2/onchain/lib/ctvs2/async.ak:459; reference/implementations/ctvs2/client/src/batch.ts:108,"reference/implementations/ctvs2/onchain/lib/ctvs2/async.test.ak:430 (external_claim_topup_is_carried_without_buying_shares); reference/implementations/ctvs2/client/test/requests-batch.test.ts:66 (port: per-request fee, carried ADA, reward signer and both acknowledgment links)",retained_test,All reward address/datum/value predicates appear in the positive branch.,,"Add compiled wrong-key, underpayment, extra-token, datum and reference-script negatives; happy path alone is not predicate coverage."
C2-054,CTVS-2,6.5,62,"Settlement permits one vault State, its Requests and key funding, rejecting foreign scripts or concurrent Q delivery.",profile0,aligned,reference/implementations/ctvs2/onchain/lib/ctvs2/async.ak:316; reference/implementations/ctvs2/onchain/lib/ctvs2/async.ak:318; reference/packages/onchain/lib/ctvs/ledger.ak:105,,source,Input scan rejects script credentials other than P; unique_state enforces one STATE-bearing input.,,"Add signed/compiled foreign-script, second-vault State and concurrent Q input negatives."
C2-055,CTVS-2,6.5; 7.2; 8.1,62; 63; 66,"Reject withdrawals including zero, certificates, votes, proposals and treasury fields on protected operations.",profile0,aligned,reference/packages/onchain/lib/ctvs/ledger.ak:39; reference/implementations/ctvs2/onchain/lib/ctvs2/async.ak:58; reference/implementations/ctvs2/onchain/lib/ctvs2/async.ak:417; reference/implementations/ctvs2/onchain/lib/ctvs2/claim.ak:96,reference/implementations/ctvs2/onchain/validators/claim_test.ak:214 (delivery_rejects_zero_withdrawal),retained_test,Shared allowed_purposes explicitly closes every listed field for all branches.,,Run a branch-by-field mutation matrix; only a subset of auxiliary fields has dedicated retained tests.
C2-056,CTVS-2,6.5; 7.2,62; 63,Receiving scripts retain exact destinations/datums; producing an output does not execute its spending guard.,profile0,aligned,reference/packages/onchain/lib/ctvs/ledger.ak:67; reference/implementations/ctvs2/onchain/lib/ctvs2/claim.ak:56,reference/implementations/ctvs2/onchain/validators/claim_test.ak:253 (claim_can_deliver_to_script_with_exact_inline_datum_without_spending_it); reference/implementations/ctvs2/onchain/validators/claim_test.ak:226 (receiver_datum_must_match_exactly),retained_test,Full Address and NoDatum/InlineDatum variants are matched without pretending recipient execution occurred.,,Add signed delivery to key-stake and script-stake destination combinations; real recipient reuse is outside profile 0.
C2-057,CTVS-2,7.1,63,Claim storage is positive and ADA claim physical value is economic lovelace plus carried lovelace.,profile0,aligned,reference/implementations/ctvs2/onchain/lib/ctvs2/async.ak:288; reference/implementations/ctvs2/onchain/lib/ctvs2/async.ak:290; reference/packages/onchain/lib/ctvs/ledger.ak:89,reference/testing/integration/ctvs2/lifecycle.test.ts:14 (settles deposits and redemptions into authenticated funded Claims),retained_test,Positive carried reserve and summed ADA quantity are validated before exact output comparison.,,Add compiled zero reserve and maximum aggregate ADA boundary regressions.
C2-058,CTVS-2,7.2,63,Deliver 1..16 Claims at one common Q with one identical semantic delivery list on every Claim input.,profile0,aligned,reference/implementations/ctvs2/onchain/lib/ctvs2/claim.ak:49; reference/implementations/ctvs2/onchain/lib/ctvs2/claim.ak:88,reference/implementations/ctvs2/onchain/validators/claim_test.ak:173 (all_claims_must_use_identical_semantic_delivery_list); reference/testing/integration/ctvs2/guards.test.ts:38 (requires all actual Q inputs to agree on one complete delivery list); docs/reviews/2026-09-18-whitepaper-conformance/probes/delivery-capacity.ts:15 (signed delivery capacity sweep; root-executed),executed_probe,"Each input redeemer is compared to the same expected Data and full Q input domain is covered. Root-executed signed delivery samples accept 1, 4 and 5 Claims for key and script512 recipients; 6 through 8 exceed memory and 16 exceeds builder size limits.",,"Add compiled cardinality 0/17 negatives. Retain the signed size-16 failure as measured shape-specific feasibility evidence, then benchmark reference-script and target-node variants rather than treating 16 as a throughput promise."
C2-059,CTVS-2,7.2,63,"Delivery references are unique and exhaustive, and outputs are injectively allocated.",profile0,aligned,reference/implementations/ctvs2/onchain/lib/ctvs2/claim.ak:91; reference/implementations/ctvs2/onchain/lib/ctvs2/claim.ak:95,reference/implementations/ctvs2/onchain/validators/claim_test.ak:147 (omitted_claim_fails_exhaustive_coverage); reference/implementations/ctvs2/onchain/validators/claim_test.ak:165 (duplicate_claim_reference_fails); reference/implementations/ctvs2/onchain/validators/claim_test.ak:139 (same_receiver_still_requires_separate_output_allocations),retained_test,"Strict ref ordering, exact count/membership and unique indices jointly close omission and output reuse.",,Retain equivalent semantic CBOR list-spelling cases separately in wire review.
C2-060,CTVS-2,7.2; 9.9,63; 70,"Each delivery preserves every actual input asset including surplus ADA/tokens, never funding fees from Claim property.",profile0,aligned,reference/implementations/ctvs2/onchain/lib/ctvs2/claim.ak:60; reference/packages/onchain/lib/ctvs/ledger.ak:79,reference/implementations/ctvs2/onchain/validators/claim_test.ak:114 (surplus_native_asset_cannot_be_used_for_submitter_change); reference/implementations/ctvs2/onchain/validators/claim_test.ak:128 (surplus_lovelace_cannot_pay_delivery_fee),retained_test,Pointwise actual-value preservation is independent of declared economic minimum.,,Add a signed surplus Claim delivery whose fee comes from a distinct submitter wallet.
C2-061,CTVS-2,7.2,63,Delivery may include Claims from different vaults sharing Q without state/config/settler dependencies.,profile0,aligned,reference/implementations/ctvs2/onchain/lib/ctvs2/claim.ak:35; reference/implementations/ctvs2/onchain/lib/ctvs2/claim.ak:98; reference/implementations/ctvs2/client/src/delivery.ts:23,reference/implementations/ctvs2/onchain/validators/claim_test.ak:98 (delivers_all_actual_assets_across_vaults_without_state_or_config),retained_test,Q payment script defines the domain; no equality constraint on Claim.vault_policy binds the delivery set.,,Add a signed two-real-vault Claim delivery; current cross-vault test uses constructed contexts.
C2-062,CTVS-2,7.2; 14.1,63; 80,"Delivery has no protocol reward, unrelated mint or foreign script-input family.",profile0,aligned,reference/implementations/ctvs2/onchain/lib/ctvs2/claim.ak:96; reference/implementations/ctvs2/onchain/lib/ctvs2/claim.ak:100,reference/implementations/ctvs2/onchain/validators/claim_test.ak:205 (delivery_cannot_mint_even_unrelated_assets); reference/implementations/ctvs2/onchain/validators/claim_test.ak:191 (unrelated_script_input_is_rejected),retained_test,Full input property must reach destinations; only external funds may become change/fee.,,No source discrepancy identified; caller-funded donations are not protocol rewards.
C2-063,CTVS-2,7.3,64,Funded look-alikes at Q preserve property but must not automatically be treated as authentic vault claims.,profile0,aligned,reference/implementations/ctvs2/onchain/lib/ctvs2/claim.ak:47; reference/implementations/ctvs2/onchain/lib/ctvs2/claim.ak:54; reference/implementations/ctvs2/onchain/lib/ctvs2/claim.ak:60,,source,"Q intentionally validates shape and preservation, not settlement lineage. There is no Claim NFT or State dependence.",,The integration-layer reviewer owns authentic lineage and claimable classification; do not infer them from this guard.
C2-064,CTVS-2,7.2; 7.3,63; 64,A supported Claim at the common Q guard can be independently delivered.,profile0,narrowed,reference/implementations/ctvs2/onchain/lib/ctvs2/claim.ak:35; reference/implementations/ctvs2/client/src/delivery.ts:24; reference/packages/planning/src/context.ts:63,docs/reviews/2026-09-18-whitepaper-conformance/probes/c2-client-boundaries.ts:40 (same Q with staking credential),executed_probe,"SDK accepts only enterprise Q source addresses, whereas Q groups any input with its payment script hash. Probe reproduces SDK rejection of the same Q with a staking credential.",Voluntarily funded supported look-alikes at base Q addresses need a custom builder. Genuine Batch Claims remain enterprise and are unaffected.,Either widen the Claim-specific client source check to match Q or explicitly document enterprise-only client support. No compiled staked-Q probe was run.
C2-065,CTVS-2,7.2; 8.1; 14.4,63; 66; 81,Externally funded additions may raise refund or delivery value while preserving the entire source property.,profile0,narrowed,reference/packages/onchain/lib/ctvs/ledger.ak:79; reference/implementations/ctvs2/client/src/recovery.ts:39; reference/implementations/ctvs2/client/src/delivery.ts:26,reference/implementations/ctvs2/onchain/validators/claim_test.ak:275 (externally_funded_delivery_topups_are_permitted); docs/reviews/2026-09-18-whitepaper-conformance/probes/c2-client-boundaries.ts:45 (recovery and delivery top-up surface),executed_probe,The validators permit >= source value. Public refund/delivery options provide no top-up argument and emit exact source Value.,Minimum-ADA adjustment after protocol changes or voluntary top-ups requires caller-authored plan edits; the default testing builder refuses silent increases.,Expose explicit external top-ups in these planners or document and validate the manual-plan route.
C2-066,CTVS-2,7.4; 7.5; 11.3; 13.7,64; 65; 74; 79,"Direct-at-settlement is a separate explicitly consented native variant, not an alternative spend of existing profile 0 Requests.",extension,out_of_scope,reference/implementations/ctvs2/onchain/lib/ctvs2/async.ak:294; reference/implementations/ctvs2/onchain/lib/ctvs2/async.ak:295; reference/README.md:74,,source,Only funded Claim creation is implemented; no alternative disposal branch can be selected.,"The optional native variant is unavailable, as permitted by the profile boundary.","A future implementation needs its own profile/mapping, consent, encoding and acceptance evidence; do not retrofit old Request interpretation."
C2-067,CTVS-2,8.1,66,"Cancel/refund consumes exactly one Request plus external key funding, no State, other script family or mint.",profile0,aligned,reference/implementations/ctvs2/onchain/lib/ctvs2/async.ak:59; reference/implementations/ctvs2/onchain/lib/ctvs2/async.ak:60,reference/implementations/ctvs2/onchain/lib/ctvs2/async.test.ak:177 (cancellation_cannot_consume_a_second_request); reference/implementations/ctvs2/onchain/lib/ctvs2/async.test.ak:190 (request_shaped_state_cannot_use_recovery),retained_test,The source is the only permitted script input and identity tokens cannot ride other inputs.,,"Add independent foreign-script, identity-on-key-input, unrelated-mint and forbidden-purpose recovery negatives."
C2-068,CTVS-2,8.1,66,"Refund the immutable full destination and every actual asset, including storage, budget and unexplained surplus.",profile0,aligned,reference/implementations/ctvs2/onchain/lib/ctvs2/async.ak:73; reference/implementations/ctvs2/onchain/lib/ctvs2/async.ak:74,reference/implementations/ctvs2/onchain/validators/lifecycle_test.ak:137 (actual_vault_cancel_dispatch_recovers_unsupported_oversized_body_and_surplus); reference/testing/integration/ctvs2/lifecycle.test.ts:42 (recovers unsupported economics with controller cancellation and permissionless expiry),retained_test,No fee is removed and no current State is needed.,,Add exact refund-datum/staking-credential mutation tests and compiled under-refund of ADA as well as native surplus.
C2-069,CTVS-2,8.1,66,Controller cancellation remains valid after expiry and does not require settler authorization.,profile0,aligned,reference/implementations/ctvs2/onchain/lib/ctvs2/async.ak:68; reference/implementations/ctvs2/client/src/recovery.ts:33,reference/implementations/ctvs2/client/test/recovery-delivery.test.ts:17 (port: unsupported economics can be canceled and all surplus property is preserved),retained_test,Cancel branch checks controller only and does not compare deadline.,,"Add actual endpoint and signed after-deadline controller cancellation, beyond the SDK regression."
C2-070,CTVS-2,8.1; 8.2,66; 67,Permissionless expiry requires the entire interval at or after deadline and no controller signer.,profile0,aligned,reference/implementations/ctvs2/onchain/lib/ctvs2/async.ak:50; reference/implementations/ctvs2/onchain/lib/ctvs2/async.ak:69,reference/implementations/ctvs2/onchain/lib/ctvs2/async.test.ak:151 (expiry_boundary_is_permissionless_at_deadline); reference/implementations/ctvs2/onchain/lib/ctvs2/async.test.ak:166 (expiry_straddling_deadline_rejected); reference/testing/integration/ctvs2/lifecycle.test.ts:42 (recovers unsupported economics with controller cancellation and permissionless expiry),retained_test,lower >= deadline is checked and local signed expiry uses a different funding wallet.,,Obtain pinned node-backed slot/POSIX boundary evidence.
C2-071,CTVS-2,8.2,67,Supported validity ranges are finite nonempty lower-inclusive upper-exclusive intervals.,profile0,aligned,reference/implementations/ctvs2/onchain/lib/ctvs2/async.ak:23; reference/packages/planning/src/context.ts:84,reference/implementations/ctvs2/onchain/lib/ctvs2/async.test.ak:209 (expiry_infinite_interval_rejected); reference/implementations/ctvs2/onchain/lib/ctvs2/async.test.ak:220 (empty_interval_rejected),retained_test,"Both finite bounds, inclusivity flags and strict lower<upper are required.",,Add lower-open and upper-closed representation negatives and target-ledger slot conversion checks.
C2-072,CTVS-2,8.2,67,"Settlement must fit wholly before the deadline, allowing upper==deadline and rejecting straddling ranges.",profile0,aligned,reference/implementations/ctvs2/onchain/lib/ctvs2/async.ak:200; reference/implementations/ctvs2/client/src/settlement.ts:54,reference/implementations/ctvs2/onchain/lib/ctvs2/async.test.ak:531 (settlement_upper_bound_at_deadline_is_valid); reference/implementations/ctvs2/onchain/lib/ctvs2/async.test.ak:519 (batch_rejects_deadline_straddling_interval),retained_test,"Comparison uses interval upper, not wall-clock time.",,Add signed boundary cases at non-slot-aligned deadlines under target network slot configuration.
C2-073,CTVS-2,8.2; 13.1,67; 78,Only one competing cancel/settle transition can survive per accepted history.,acceptance,unverified,reference/implementations/ctvs2/onchain/lib/ctvs2/async.ak:87; reference/implementations/ctvs2/onchain/validators/vault.ak:19,,external_gate,"Out-reference consumption gives the intended no-double-spend premise, but no retained competing cancellation/settlement transaction race exists.",The paper A-09 race evidence is not satisfied by isolated successful paths.,"Construct both valid candidates against one Request, accept either order, reject the loser, then test rollback/replacement history."
C2-074,CTVS-2,8.3,68,Entry pause blocks deposit settlement only; exit pause blocks redemption settlement only.,profile0,aligned,reference/implementations/ctvs2/onchain/lib/ctvs2/async.ak:214; reference/implementations/ctvs2/onchain/lib/ctvs2/async.ak:237; reference/implementations/ctvs2/client/src/settlement.ts:58,docs/reviews/2026-09-18-whitepaper-conformance/probes/c2-semantic-examples.ts:54 (section 8.3 SDK directional pause matrix),executed_probe,All eight direction/pause combinations pass the review SDK probe; source predicates match. Existing retained compiled corpus does not cover the full matrix.,,"Add compiled and signed checks for all direction/pause combinations, including unaffected-direction successes."
C2-075,CTVS-2,8.3,68,Candidate request creation may remain possible while paused and is not admission.,profile0,aligned,reference/implementations/ctvs2/client/src/requests.ts:15; reference/implementations/ctvs2/client/src/requests.ts:41,docs/reviews/2026-09-18-whitepaper-conformance/probes/c2-semantic-examples.ts:54 (section 8.3 SDK directional pause matrix),executed_probe,Creation checks enabled mode but does not inspect pause; the probe confirms all pause values permit creation.,,Add provider pause/likely-execution disclosure in the required read contract; planner alone does not expose it.
C2-076,CTVS-2,8.3,68,"Pause must not disable existing cancellation, expiry refund or funded-claim delivery.",profile0,aligned,reference/implementations/ctvs2/onchain/lib/ctvs2/async.ak:39; reference/implementations/ctvs2/onchain/lib/ctvs2/claim.ak:69; reference/implementations/ctvs2/client/src/recovery.ts:20; reference/implementations/ctvs2/client/src/delivery.ts:15,,source,These paths have no live State/Config dependency and cannot read pause flags.,,"Add a signed trace that pauses both directions, then cancels, expires and delivers pre-existing objects."
C2-077,CTVS-2,9.1; 9.2; 9.3; 9.4; 9.5,68; 69; 70,"The printed mixed example must preserve exact backing, supply, fees, mint and per-Request Claim allocations.",profile0,aligned,reference/implementations/ctvs2/client/src/batch.ts:74; reference/implementations/ctvs2/client/src/batch.ts:91,docs/reviews/2026-09-18-whitepaper-conformance/probes/c2-semantic-examples.ts:24 (section 9 mixed snapshot example),executed_probe,"Public SDK reproduces A=S=1099500, F=2000, net mint 99500, claims 100000/50000/50000, carried 2 M each, reward 3 M.",,"Retain this as an independently expected fixture and build a full signed version with measured fees/reserves, not the illustrative fixed network fee."
C2-078,CTVS-2,9.6; 9.7; 9.8; 9.9; 9.10,70; 71,"The independent delivery, invalid-economics refund, surplus and zero-net examples must preserve their distinct economic meanings.",profile0,aligned,reference/implementations/ctvs2/onchain/lib/ctvs2/async.ak:85; reference/implementations/ctvs2/onchain/lib/ctvs2/claim.ak:60; reference/packages/onchain/lib/ctvs/state_core.ak:79,reference/implementations/ctvs2/onchain/validators/lifecycle_test.ak:137 (actual_vault_cancel_dispatch_recovers_unsupported_oversized_body_and_surplus); reference/implementations/ctvs2/onchain/validators/claim_test.ak:128 (surplus_lovelace_cannot_pay_delivery_fee); reference/implementations/ctvs2/onchain/validators/state_test.ak:191 (zero_net_batch_runs_state_and_both_request_handlers),retained_test,Equivalent examples are represented across distinct tests; the exact printed numeric set is not all replayed as signed transactions.,,Retain a paper-example corpus with separate expected arithmetic and exact signed trace results.
C2-079,CTVS-2,9.11; 10.1; 10.2; 10.4; 10.5,71; 72; 73,"Managed NAV, lending/ALM deployment, report sequencing, liabilities and real protocol authorization require their own implementation.",extension,out_of_scope,reference/implementations/ctvs2/onchain/lib/ctvs2/state.ak:13; reference/README.md:74,,source,"No managed State, NAV reporter or strategy adapter exists in profile 0.",Reference validation makes no claim about invested-vault support or recovery from downstream protocols.,Implement and independently verify one pinned managed lifecycle before advertising managed conformance.
C2-080,CTVS-2,10.3; 11.1,72; 73; 74,Pending assets cannot be deployed downstream while still advertised as freely refundable escrow.,profile0,aligned,reference/implementations/ctvs2/onchain/lib/ctvs2/async.ak:87; reference/implementations/ctvs2/onchain/lib/ctvs2/async.ak:281; reference/implementations/ctvs2/onchain/lib/ctvs2/async.ak:297,,source,No in-flight transition exists; allowed Request spends are fixed recovery or full funded settlement.,,Add a negative attempt to spend a pending Request into an arbitrary strategy output; integration disclosures must remain explicit.
C2-081,CTVS-2,11.1,74,"Epoch pricing, partial fills, unfunded tickets, transferable Claims and arbitrary routes are deferred extensions.",extension,out_of_scope,reference/implementations/ctvs2/onchain/lib/ctvs2/async.ak:210; reference/implementations/ctvs2/onchain/lib/ctvs2/claim.ak:56; reference/README.md:74,,source,These features are absent and no optional request field enables them.,,"Require distinct reviewed ownership/recovery, encoding and complete allocation before any future extension."
C2-082,CTVS-2,11.2,74,Native inventory accounting needs a separate authenticated issuance/extinction mapping; profile 0 remains mint/burn.,extension,out_of_scope,reference/packages/onchain/lib/ctvs/state_core.ak:72; reference/implementations/ctvs2/client/src/batch.ts:116,,source,Only coupled native mint/burn is implemented; no inventory adapter is advertised.,,Do not infer inventory support from zero-net batch handling.
C2-083,CTVS-2,11.4,74,"Existing Terms, fees, destinations and funded-claim property cannot silently change through governance or migration.",profile0,aligned,reference/packages/onchain/lib/ctvs/state_core.ak:39; reference/implementations/ctvs2/onchain/lib/ctvs2/async.ak:199; reference/implementations/ctvs2/onchain/lib/ctvs2/claim.ak:49; reference/implementations/ctvs2/onchain/lib/ctvs2/state.ak:13,reference/testing/integration/ctvs2/guards.test.ts:9 (rejects rewritten Claim recipients and missing settler authorization); reference/implementations/ctvs2/onchain/validators/lifecycle_test.ak:182 (actual_config_lock_has_no_spend_or_reserve_recovery_branch),retained_test,Immutable commitment and exact claims are enforced; there is no governance/migration action.,,Add stale/mutated Terms and funded-claim repricing negatives independently of existing recipient tests.
C2-084,CTVS-2,13.2; 13.3,78,Batch conservation and rounding must not dilute adjusted price under unchanged external valuation.,profile0,partial,reference/packages/onchain/lib/ctvs/math.ak:21; reference/packages/onchain/lib/ctvs/math.ak:44; reference/implementations/ctvs2/onchain/lib/ctvs2/async.ak:470,reference/packages/onchain/lib/tests/math_properties.ak:161 (mixed_snapshot_accounting_preserves_underlying_and_supply),retained_test,Conservation and single-operation rounding properties exist. The cited mixed property checks conservation but does not directly assert equation 13 for arbitrary multi-request batches.,The general batch non-dilution statement lacks a direct retained property/refinement proof.,Add independent multi-request equation 13 and non-dilution properties over feasible bounded batches.
C2-085,CTVS-2,13.4; 13.5,79,"Funded Claim delivery must remain independent of later solvency, controller and original settler, subject to actual construction feasibility.",profile0,aligned,reference/implementations/ctvs2/onchain/lib/ctvs2/claim.ak:69; reference/implementations/ctvs2/client/src/delivery.ts:15,reference/implementations/ctvs2/onchain/validators/claim_test.ak:98 (delivers_all_actual_assets_across_vaults_without_state_or_config),retained_test,Q has no mutable-vault dependencies; source accepts key funding from anyone.,,Add signed third-party delivery with controller/settler absent and intervening State activity; network inclusion is not guaranteed.
C2-086,CTVS-2,13.6,79,"Recovery noninterference, complete branch coupling and exclusive delivery must hold together with economics for the same covered sources.",profile0,aligned,reference/implementations/ctvs2/onchain/lib/ctvs2/async.ak:85; reference/implementations/ctvs2/onchain/lib/ctvs2/async.ak:185; reference/implementations/ctvs2/onchain/lib/ctvs2/async.ak:416; reference/implementations/ctvs2/onchain/lib/ctvs2/claim.ak:49; reference/implementations/ctvs2/onchain/lib/ctvs2/claim.ak:93,reference/implementations/ctvs2/onchain/lib/ctvs2/async.test.ak:468 (batch_rejects_cancellation_as_acknowledgment); reference/testing/integration/ctvs2/guards.test.ts:38 (requires all actual Q inputs to agree on one complete delivery list),retained_test,Relevant predicates are implemented jointly rather than as disconnected semantic helpers.,,A complete refinement argument and broader balanced adversarial corpus are still absent.
C2-087,CTVS-2,14.1,80,"Keep economic asset fees, execution reward, budget, storage and externally funded transaction costs distinct; recovery/delivery have zero protocol reward.",profile0,aligned,reference/implementations/ctvs2/client/src/batch.ts:150; reference/implementations/ctvs2/client/src/requests.ts:35; reference/implementations/ctvs2/client/src/recovery.ts:39; reference/implementations/ctvs2/client/src/delivery.ts:26,"reference/implementations/ctvs2/client/test/requests-batch.test.ts:66 (port: per-request fee, carried ADA, reward signer and both acknowledgment links)",retained_test,Planner effects separate asset fees and settler reward; exact property preservation forbids paying recovery fee from escrow.,,Expose those distinctions in a user-facing response contract; current plans mark network fee unknown.
C2-088,CTVS-2,14.2; 14.4,80; 81,"Benchmark increasing batch sizes, worst-case destinations, witnesses and actual parameter limits before release.",acceptance,partial,reference/VALIDATION.md:49; reference/VALIDATION.md:71; docs/reviews/2026-09-18-whitepaper-conformance/evidence/integration-probes.json:15; docs/reviews/2026-09-18-whitepaper-conformance/evidence/delivery-capacity.json:1,docs/reviews/2026-09-18-whitepaper-conformance/probes/integration-probes.ts:20 (batch resource sweep; root-executed); docs/reviews/2026-09-18-whitepaper-conformance/probes/delivery-capacity.ts:15 (signed delivery capacity sweep; root-executed),executed_probe,"New root-executed local signed probes cover ADA/native backing with key or 512-byte script-datum receivers. Sizes 1, 2, 4, 5, 6, 7 pass in every sampled shape; size 8 fails the 14 M memory ceiling. The script/native 7-request case uses 13,898,477 memory. This is a restricted deposit-only sample, not worst-case capacity certification; 16 was not attempted after 8 failed. Separate native-share Claim delivery samples to key or script512 recipients accept 1, 4 and 5 Claims; 6, 7 and 8 fail the 14M memory ceiling. Size 16 fails builder size before signed evaluation: 18,324 bytes for key recipients and 26,964 for script512. The adapter attaches Q.",The structural caps of 16 are not demonstrated executable capacity. Eight ordinary sampled Requests exceed local memory; six sampled Claims exceed memory and sixteen exceed builder size with Q attached.,"Retain these measurements and extend to mixed/redeem batches, maximum allowed datum/credential/key/integer/asset shapes, reference-script delivery and target-node parameters. Do not treat sampled maxima 7 and 5 as universal safe capacities."
C2-089,CTVS-2,14.2,80,Reject excessive supported request/destination data before an SDK user locks funds.,profile0,aligned,reference/implementations/ctvs2/client/src/requests.ts:18; reference/packages/protocol/src/wire/requests.ts:81; reference/packages/onchain/lib/ctvs/validation.ak:158,reference/packages/protocol/tests/wire.test.ts:235 (keeps cancellation recovery available for unsupported and oversized economic bodies),retained_test,SDK creation validates supported bounded data; raw third-party output creation remains unrestricted by a spending script.,,Do not advertise all schema-valid outputs as necessarily resource-feasible; measure complete supported transactions.
C2-090,CTVS-2,14.4; 15.3,81; 82,Evaluate actual signed transaction bytes and required witnesses with real context instead of promoting synthetic semantic inputs to ledger proof.,acceptance,partial,reference/testing/ledger/recorder.ts:49; reference/testing/ledger/evaluator.ts:127,reference/testing/integration/ctvs2/lifecycle.test.ts:14 (settles deposits and redemptions into authenticated funded Claims),retained_test,"Local signed CBOR is checked, including witnesses, declared budgets and actual Plutus execution. Full cardano-node phase 1 is not exercised.",Local acceptance cannot establish public-network acceptance or every ledger prerequisite.,Run equivalent node-backed traces with a named era and parameter snapshot.
C2-091,CTVS-2,15.1 A-01,81,Demonstrate multiple independent request creations without consuming State.,acceptance,aligned,reference/implementations/ctvs2/client/src/requests.ts:30; reference/testing/integration/ctvs2/guards.test.ts:40,reference/testing/integration/ctvs2/guards.test.ts:38 (requires all actual Q inputs to agree on one complete delivery list),retained_test,Two funded deposit Requests precede one settlement in the signed local fixture.,,Add concurrent independent wallets and explicit unchanged State reference assertions.
C2-092,CTVS-2,15.1 A-02,81,Demonstrate ADA/native/share funding partitions and malformed request rejection.,acceptance,partial,reference/implementations/ctvs2/onchain/lib/ctvs2/async.ak:174; reference/implementations/ctvs2/onchain/lib/ctvs2/async.ak:281,reference/testing/integration/ctvs2/lifecycle.test.ts:14 (settles deposits and redemptions into authenticated funded Claims); reference/implementations/ctvs2/onchain/lib/ctvs2/async.test.ak:590 (unsupported_economics_are_rejected_by_batch_single_decode),retained_test,Both backing assets and both request kinds execute locally; malformed economic constructor is rejected natively.,,Complete the compiled malformed-value and each-field matrix; do not substitute SDK rejection for script rejection.
C2-093,CTVS-2,15.1 A-03,81,Demonstrate actual controller key witnesses separately from capability extension guards.,acceptance,partial,reference/testing/ledger/recorder.ts:65; reference/implementations/ctvs2/onchain/lib/ctvs2/async.ak:71,reference/testing/integration/ctvs2/lifecycle.test.ts:42 (recovers unsupported economics with controller cancellation and permissionless expiry),retained_test,Positive controller cancellation and another-wallet expiry have signatures; missing-controller negative is a predicate test.,,Add cryptographic missing/incorrect controller witness rejection through node-backed validation; capability profile remains out of scope.
C2-094,CTVS-2,15.1 A-04,81,"Demonstrate full-only settlement rejects omitted sources, duplicate refs and hidden remainder.",acceptance,partial,reference/implementations/ctvs2/onchain/lib/ctvs2/async.ak:281; reference/implementations/ctvs2/onchain/lib/ctvs2/async.ak:416,reference/implementations/ctvs2/onchain/lib/ctvs2/async.test.ak:492 (batch_rejects_omitted_consumed_request); reference/implementations/ctvs2/onchain/lib/ctvs2/async.test.ak:615 (batch_traversal_rejects_duplicate_request_with_distinct_claims),retained_test,Omission and duplicate cases exist; no dedicated balanced hidden-remainder transaction is retained.,,Add compiled partial-fill/remainder attempts and complete signed rejection evidence.
C2-095,CTVS-2,15.1 A-05,81,"Demonstrate mixed snapshot pricing, wrong checkpoint rejection and per-request fee rounding.",acceptance,partial,reference/implementations/ctvs2/onchain/lib/ctvs2/async.ak:199; reference/implementations/ctvs2/onchain/lib/ctvs2/async.ak:215; reference/implementations/ctvs2/onchain/lib/ctvs2/async.ak:238,reference/implementations/ctvs2/onchain/lib/ctvs2/async.test.ak:417 (mixed_batch_uses_one_old_snapshot_despite_rounding); docs/reviews/2026-09-18-whitepaper-conformance/probes/c2-semantic-examples.ts:24 (section 9 mixed snapshot example),retained_test,Mixed arithmetic is covered; no signed mixed wrong-State-basis corpus or split-fee-versus-aggregate compiled fixture is retained.,,Add those three independently expected economic vectors at the transaction layer.
C2-096,CTVS-2,15.1 A-06,81,Demonstrate gross supply conservation and zero-net mint without relying on mint-policy execution.,acceptance,partial,reference/implementations/ctvs2/onchain/lib/ctvs2/async.ak:450; reference/packages/onchain/lib/ctvs/state_core.ak:79,reference/implementations/ctvs2/onchain/validators/state_test.ak:191 (zero_net_batch_runs_state_and_both_request_handlers); reference/implementations/ctvs2/onchain/validators/state_test.ak:210 (zero_net_batch_rejects_missing_gross_claim),retained_test,Native entrypoint contexts establish gross checks; no retained signed mixed zero-net transaction exists.,,Construct and submit a zero-net batch from authentic prior Requests with final signed evaluation.
C2-097,CTVS-2,15.1 A-07,81,"Demonstrate same-receiver allocation, repeated-index rejection and no overlapping reserves.",acceptance,partial,reference/implementations/ctvs2/onchain/lib/ctvs2/async.ak:350; reference/implementations/ctvs2/onchain/lib/ctvs2/claim.ak:95,reference/implementations/ctvs2/onchain/lib/ctvs2/async.test.ak:505 (batch_rejects_shared_claim_index); reference/implementations/ctvs2/onchain/validators/claim_test.ak:139 (same_receiver_still_requires_separate_output_allocations),retained_test,Repeated indices are tested in settlement and delivery. Full reserve-overlap mutation coverage remains incomplete.,,Add balanced reserve theft and Claim/reward collision transaction vectors.
C2-098,CTVS-2,15.1 A-08,81,"Demonstrate exact funded immutable Claims, including wrong asset/quantity/datum rejection and no delivery repricing/mint.",acceptance,partial,reference/implementations/ctvs2/onchain/lib/ctvs2/async.ak:295; reference/implementations/ctvs2/onchain/lib/ctvs2/async.ak:297; reference/implementations/ctvs2/onchain/lib/ctvs2/claim.ak:97,reference/testing/integration/ctvs2/guards.test.ts:9 (rejects rewritten Claim recipients and missing settler authorization); reference/implementations/ctvs2/onchain/validators/claim_test.ak:205 (delivery_cannot_mint_even_unrelated_assets),retained_test,Recipient and mint negatives exist; independent wrong asset/quantity and all credential/datum shapes are not all retained.,,Add the missing compiled field/value mutation matrix and delayed-delivery history.
C2-099,CTVS-2,15.1 A-09,81,Demonstrate exact deadline boundaries and cancellation/settlement races.,acceptance,partial,reference/implementations/ctvs2/onchain/lib/ctvs2/async.ak:23; reference/implementations/ctvs2/onchain/lib/ctvs2/async.ak:69; reference/implementations/ctvs2/onchain/lib/ctvs2/async.ak:200,reference/implementations/ctvs2/onchain/lib/ctvs2/async.test.ak:531 (settlement_upper_bound_at_deadline_is_valid); reference/implementations/ctvs2/onchain/lib/ctvs2/async.test.ak:151 (expiry_boundary_is_permissionless_at_deadline),retained_test,Boundary predicate tests and one local expiry trace exist; races and node-backed slot conversion do not.,,Add competing spends and target-node interval edge tests.
C2-100,CTVS-2,15.1 A-10,81,Demonstrate unauthorized operators fail and authorized operators cannot violate economics.,acceptance,partial,reference/implementations/ctvs2/onchain/lib/ctvs2/async.ak:418; reference/implementations/ctvs2/onchain/lib/ctvs2/async.ak:275,reference/implementations/ctvs2/onchain/lib/ctvs2/async.test.ak:573 (settler_keyset_is_enforced); reference/testing/integration/ctvs2/guards.test.ts:9 (rejects rewritten Claim recipients and missing settler authorization),retained_test,KeySet membership negative is native context; signed economic recipient mutation and missing required signer are rejected.,,Add fully signed authorized-KeySet economic attack and unauthorized-KeySet transaction cases.
C2-101,CTVS-2,15.1 A-11,81,Demonstrate fixed delivery with controller/batcher offline and multi-Claim output uniqueness.,acceptance,partial,reference/implementations/ctvs2/onchain/lib/ctvs2/claim.ak:69,reference/testing/integration/ctvs2/guards.test.ts:38 (requires all actual Q inputs to agree on one complete delivery list); reference/implementations/ctvs2/onchain/validators/claim_test.ak:139 (same_receiver_still_requires_separate_output_allocations),retained_test,"No signer is required by Q; signed multi-Claim success exists, but a distinct third-party delivery/offline-role scenario is not retained.",,Use another wallet to deliver authentic Claims while all original roles are absent.
C2-102,CTVS-2,15.1 A-12,81,"Managed NAV/liability conformance needs stale-report, overlap and post-report-flow evidence.",extension,out_of_scope,reference/README.md:74,,source,No managed profile is claimed or implemented.,,Keep this requirement open for a future managed mapping rather than marking it passed by direct-custody tests.
C2-103,CTVS-2,15.1 A-13,81,"Demonstrate settlement rollback, delivery-only rollback and competing replacement histories.",acceptance,missing,reference/VALIDATION.md:72,,external_gate,No production lifecycle indexer or retained rollback/replay corpus exists.,Authenticated async history cannot yet be reconstructed robustly across reorganizations.,Implement coherent lifecycle projection and branch-replay tests; detailed interface review belongs to the root integration report.
C2-104,CTVS-2,15.1 A-14,82,"Demonstrate measured worst-case batches, datums, reserves, fees and witnesses.",acceptance,partial,reference/VALIDATION.md:49; reference/VALIDATION.md:71; docs/reviews/2026-09-18-whitepaper-conformance/evidence/integration-probes.json:15; docs/reviews/2026-09-18-whitepaper-conformance/evidence/delivery-capacity.json:1,docs/reviews/2026-09-18-whitepaper-conformance/probes/integration-probes.ts:20 (batch resource sweep; root-executed); docs/reviews/2026-09-18-whitepaper-conformance/probes/delivery-capacity.ts:15 (signed delivery capacity sweep; root-executed),executed_probe,"New root-executed local signed probes cover ADA/native backing with key or 512-byte script-datum receivers. Sizes 1, 2, 4, 5, 6, 7 pass in every sampled shape; size 8 fails the 14 M memory ceiling. The script/native 7-request case uses 13,898,477 memory. This is a restricted deposit-only sample, not worst-case capacity certification; 16 was not attempted after 8 failed. Separate native-share Claim delivery samples to key or script512 recipients accept 1, 4 and 5 Claims; 6, 7 and 8 fail the 14M memory ceiling. Size 16 fails builder size before signed evaluation: 18,324 bytes for key recipients and 26,964 for script512. The adapter attaches Q.",The structural caps of 16 are not demonstrated executable capacity. Eight ordinary sampled Requests exceed local memory; six sampled Claims exceed memory and sixteen exceed builder size with Q attached.,"Retain these measurements and extend to mixed/redeem batches, maximum allowed datum/credential/key/integer/asset shapes, reference-script delivery and target-node parameters. Do not treat sampled maxima 7 and 5 as universal safe capacities."
C2-105,CTVS-2,15.1 A-15; 15.5,82; 83,"Two independent decoders, builders and indexers must agree on authenticated transaction histories.",acceptance,missing,reference/VALIDATION.md:69; reference/VALIDATION.md:70; reference/VALIDATION.md:72,,external_gate,There is one public planning implementation and one local Lucid ledger adapter; CLI parameter comparison is not an independent transaction builder or indexer.,Independent interoperability acceptance is not closed.,A separate author/toolchain must reconstruct real histories and effects without calling these builders.
C2-106,CTVS-2,15.2; 16; Appendix A,82; 83; 84; 85,Historical publication/model/wire evidence and preserved source-bundle claims must not be promoted into new execution certification.,acceptance,partial,reference/VALIDATION.md:7; reference/VALIDATION.md:55,,source,Current validation differentiates local execution from historic evidence. Original candidate-wire and assurance register artifacts remain unavailable.,Exact historical fixture reconciliation and evidence-register closure cannot be claimed.,Obtain the referenced source bundle and compare its byte-level fixtures and requirement registers independently.
C2-107,CTVS-2,15.3; 13.6,79; 82,"Prove a real-transaction projection from ledger prerequisites plus compiled acceptance to all applicable CTVS requirements, with intended negative failure reasons.",acceptance,partial,reference/implementations/ctvs2/onchain/validators/vault.ak:19; reference/testing/ledger/recorder.ts:129,reference/testing/integration/ctvs2/guards.test.ts:9 (rejects rewritten Claim recipients and missing settler authorization),retained_test,"Entry points inspect actual contexts and negative tests must reach evaluator, but reaching an evaluator failure alone does not identify its precise semantic predicate. No complete refinement proof exists.",Passing examples and high TypeScript coverage do not establish universal soundness.,Record predicate-specific counterexamples/traces and provide independent model-to-validator refinement evidence.
C2-108,CTVS-2,15.4,82; 83,"Execute the full declared acceptance trace including authenticated deployment, requests, mixed/zero-net settlement, script destinations, recovery, maintenance and external interoperability.",acceptance,partial,reference/testing/integration/ctvs2/lifecycle.test.ts:14; reference/testing/integration/ctvs2/guards.test.ts:38; reference/VALIDATION.md:55,reference/testing/integration/ctvs2/lifecycle.test.ts:14 (settles deposits and redemptions into authenticated funded Claims); reference/testing/integration/ctvs2/lifecycle.test.ts:42 (recovers unsupported economics with controller cancellation and permissionless expiry); docs/reviews/2026-09-18-whitepaper-conformance/probes/delivery-capacity.ts:15 (signed delivery to script512 recipient; root-executed),retained_test,"Local ADA/native sequential lifecycle, maintenance, recovery and multi-Claim paths exist; new root probes add deposit-only batch sizes through 7 and final Claim delivery to key and script512 receivers through 5. The async family deliberately lacks direct deposit. Signed mixed zero-net, node-backed, independent-builder and rollback portions remain open.",The combined trace printed in the paper cannot be completed inside this single async-only family.,State the family-specific trace substitution explicitly and complete all remaining applicable acceptance legs.
C2-109,CTVS-2,15.5; 2.5,53; 83,Script-controlled protocol users and real managed integrations need their actual guards and successor tests.,extension,out_of_scope,reference/README.md:74,,source,Sending to a script destination is supported but does not demonstrate that script-controller capability or managed integration.,,Implement real pinned integrations before making those separately scoped claims.
W-001,CTVS-1,10.1; 10.2,28; 29,"Identify the wire by bytes 43545653, integer version 2 and profile 0; economic Q values use exact integers in 0..2^63-1 and JSON amounts use decimal strings.",profile0,aligned,reference/packages/protocol/src/wire/primitives.ts:21; reference/packages/protocol/src/wire/primitives.ts:59; reference/packages/protocol/src/math/integer.ts:1; reference/packages/protocol/src/data/value.ts:50; reference/packages/onchain/lib/ctvs/validation.ak:17,"reference/packages/onchain/lib/tests/validation_test.ak:100 (quantity_bounds_are_exact); reference/packages/protocol/tests/wire.test.ts:170 (rejects magic, version, wrong role and recursive option or scalar shapes); reference/packages/protocol/tests/data.test.ts:145 (preserves every Data variant without coercion)",retained_test,Source implements the specified rule; cited tests exercise the relevant boundary.,No discrepancy identified within the stated source and test scope.,Retain the cited regression coverage.
W-002,CTVS-1,10.1,29,"Credential is C0[B28] for a key or C1[B28] for a script; Controller is only C0[B28], without script-controller alternatives.",profile0,aligned,reference/packages/protocol/src/wire/primitives.ts:63; reference/packages/protocol/src/wire/requests.ts:28; reference/packages/onchain/lib/ctvs/wire.ak:16; reference/packages/onchain/lib/ctvs/validation.ak:262,reference/packages/onchain/lib/tests/validation_test.ak:355 (decoder_rejects_nested_wrong_credential_type_and_arity); reference/packages/onchain/lib/tests/validation_test.ak:528 (scoped_request_decoder_rejects_malformed_recovery_controller),retained_test,Source implements the specified rule; cited tests exercise the relevant boundary.,No discrepancy identified within the stated source and test scope.,Retain the cited regression coverage.
W-003,CTVS-1,10.1,29,Options are exactly Some C0[value] or None C1[] wherever nested; extra or missing fields do not become ignored extensions.,profile0,aligned,reference/packages/protocol/src/wire/primitives.ts:27; reference/packages/protocol/src/wire/primitives.ts:52; reference/packages/onchain/lib/ctvs/decode.ak:14,"docs/reviews/2026-09-18-whitepaper-conformance/probes/wire-client-probe.mjs:25 (recursive extra-field rejection corpus across Terms, Config, State, Request and Claim)",executed_probe,"All 49 constructor append mutations in the fresh representative record corpus were rejected, including nested options. This is a finite corpus, not exhaustive enumeration.",No discrepancy identified within the stated source and test scope.,Retain the cited regression coverage.
W-004,CTVS-1,10.1,29,"Address is C0[Credential, Option<C0[Credential]>]; preserve payment and staking credentials and reject pointer or bootstrap address forms.",profile0,aligned,reference/packages/protocol/src/wire/primitives.ts:79; reference/packages/onchain/lib/ctvs/validation.ak:64; reference/packages/onchain/lib/ctvs/ledger.ak:67,"reference/packages/onchain/lib/tests/validation_test.ak:161 (addresses_reject_pointer_and_short_credentials); reference/packages/protocol/tests/wire.test.ts:267 (rejects pointer staking, wrong credentials and excessive opaque data)",retained_test,Source implements the specified rule; cited tests exercise the relevant boundary.,No discrepancy identified within the stated source and test scope.,Retain the cited regression coverage.
W-005,CTVS-1,10.1,29,"Destination is C0[Address, Option<BoundedData>]; None requires NoDatum, Some requires equal inline Data, and a hash-only datum is not equivalent.",profile0,aligned,reference/packages/protocol/src/wire/primitives.ts:92; reference/packages/onchain/lib/ctvs/ledger.ak:67,reference/implementations/ctvs1/onchain/validators/state_test.ak:296 (rejects_receiver_datum_hash_or_inline_mismatch); reference/implementations/ctvs2/onchain/validators/claim_test.ak:226 (receiver_datum_must_match_exactly),retained_test,Source implements the specified rule; cited tests exercise the relevant boundary.,No discrepancy identified within the stated source and test scope.,Retain the cited regression coverage.
W-006,CTVS-1,10.1,29,"Asset is exactly C0[] for ADA or C1[B28, bytes0..32] for a native asset, including an empty native asset name.",profile0,aligned,reference/packages/protocol/src/wire/primitives.ts:99; reference/packages/onchain/lib/ctvs/validation.ak:49,docs/reviews/2026-09-18-whitepaper-conformance/probes/wire-client-probe.mjs:62 (empty-native-name; 32-byte-native-name; 33-byte-native-name),executed_probe,Fresh probes accepted empty and 32-byte names and rejected 33 bytes. Byte lengths and constructor arities are checked independently of printable labels.,No discrepancy identified within the stated source and test scope.,Retain the cited regression coverage.
W-007,CTVS-1,10.1; 10.6,28; 29; 32,"OutRef is C0[B32,index], index 0..65535; output selections must also be valid in the actual transaction array.",profile0,aligned,reference/packages/protocol/src/wire/primitives.ts:119; reference/packages/onchain/lib/ctvs/validation.ak:25; reference/packages/onchain/lib/ctvs/ledger.ak:16,"docs/reviews/2026-09-18-whitepaper-conformance/probes/wire-client-probe.mjs:67 (OutRef indices 0, 65535, 65536 and -1); reference/packages/protocol/tests/wire.test.ts:381 (rejects wrong arity, list type and invalid nested indices)",executed_probe,Fresh scalar probes accepted 0 and 65535 and rejected 65536 and -1. Onchain output lookup additionally fails when the selected index is absent.,No discrepancy identified within the stated source and test scope.,Retain the cited regression coverage.
W-008,CTVS-1,10.1,29,Settlers is Any C0[] or KeySet C1[list B28] with 1..16 lexicographically sorted unique keys.,profile0,aligned,reference/packages/protocol/src/wire/terms.ts:20; reference/packages/onchain/lib/ctvs/validation.ak:165,"reference/packages/onchain/lib/tests/validation_test.ak:140 (key_sets_are_bounded_sorted_and_unique); reference/packages/protocol/tests/wire.test.ts:188 (enforces settler key cardinality, ordering, duplicates and decoder list shape)",retained_test,Source implements the specified rule; cited tests exercise the relevant boundary.,No discrepancy identified within the stated source and test scope.,Retain the cited regression coverage.
W-009,CTVS-1,10.1,29,Network domain is a deployment convention; offchain construction must verify the chosen network rather than infer an onchain network identifier from Address Data.,acceptance,partial,reference/packages/planning/src/context.ts:50; reference/packages/planning/src/plan.ts:65; reference/packages/planning/src/plan.ts:87; reference/testing/fixtures/vault.ts:179,,source,The planners compare caller-supplied domain/name and explicitly emit verifiedOnLedger:false. The harness chooses its isolated emulator. No public network adapter authenticates a real chain-domain binding in this implementation.,A matching caller-supplied label is not verified network identity. Current plans accurately leave this unresolved.,Supply and test a real provider/network-domain binding before advertising network deployment.
W-010,CTVS-1,10.2,29,"Terms is C0 with exactly thirteen ordered fields, profile exactly 0 and network_domain exactly 32 bytes.",profile0,aligned,reference/packages/protocol/src/wire/terms.ts:44; reference/packages/protocol/src/wire/terms.ts:65; reference/packages/onchain/lib/ctvs/wire.ak:25; reference/packages/onchain/lib/ctvs/validation.ak:186,docs/reviews/2026-09-18-whitepaper-conformance/probes/wire-client-probe.mjs:25 (Terms and nested Terms in Config recursive append rejection); reference/packages/onchain/lib/tests/validation_test.ak:552 (scoped_config_decoder_rejects_extra_nested_terms_field),executed_probe,Both decoders enforce exact field order and arity; the fresh corpus rejected the top-level and nested Terms extensions.,No discrepancy identified within the stated source and test scope.,Retain the cited regression coverage.
W-011,CTVS-1,10.2,29,"Terms fixes virtual assets at one, virtual_shares in Q+, max_backing as Option<Q>, and entry/exit fees in 0..9999.",profile0,aligned,reference/packages/protocol/src/wire/terms.ts:50; reference/packages/onchain/lib/ctvs/validation.ak:189; reference/packages/onchain/lib/ctvs/math.ak:12,"reference/packages/onchain/lib/tests/validation_test.ak:132 (terms_reject_unknown_modes_profiles_and_invalid_cap); reference/packages/protocol/tests/wire.test.ts:204 (limits quantities, aggregate reserves, fees and operation modes)",retained_test,Source implements the specified rule; cited tests exercise the relevant boundary.,No discrepancy identified within the stated source and test scope.,Retain the cited regression coverage.
W-012,CTVS-1,10.2,29,Terms fee_destination uses exact Destination and pause_key is Option<B28>; descriptor_hash is Option<B32> metadata with no executable custody authority.,profile0,aligned,reference/packages/protocol/src/wire/terms.ts:54; reference/packages/onchain/lib/ctvs/validation.ak:192; reference/packages/onchain/lib/ctvs/wire.ak:25,"reference/packages/protocol/tests/wire.test.ts:122 (roundtrips present options, credential families and bounded inline datum); docs/reviews/2026-09-18-whitepaper-conformance/probes/wire-client-probe.mjs:25 (Terms nested option and destination append rejection)",source,Only the committed fields reach validators. No source executes descriptor metadata or resolves a replacement script from it.,No discrepancy identified within the stated source and test scope.,Retain the cited regression coverage.
W-013,CTVS-1,10.2; 10.4,29; 30; 31,"Wire Terms admits exactly mode integers 1..15 and max_batch 1..16; mode bits are 1 direct entry, 2 direct exit, 4 async entry and 8 async exit.",profile0,aligned,reference/packages/protocol/src/wire/terms.ts:57; reference/packages/onchain/lib/ctvs/validation.ak:197; reference/packages/onchain/lib/ctvs/wire.ak:124,"reference/packages/onchain/lib/tests/validation_test.ak:132 (terms_reject_unknown_modes_profiles_and_invalid_cap); reference/packages/protocol/tests/wire.test.ts:204 (limits quantities, aggregate reserves, fees and operation modes)",retained_test,Shared wire accepts all specified combinations and rejects unknown bits. Deployment families impose the further advertised subset recorded in W-038.,No discrepancy identified within the stated source and test scope.,Retain the cited regression coverage.
W-014,CTVS-1,10.2,29; 30,"Config is C3[magic,version,policy,seed,terms_hash,Terms,storage] with exactly seven fields; positive Q storage and normalized size at most 4608.",profile0,aligned,reference/packages/protocol/src/wire/state.ts:17; reference/packages/protocol/src/wire/state.ts:34; reference/packages/onchain/lib/ctvs/decode.ak:91; reference/packages/onchain/lib/ctvs/validation.ak:212,docs/reviews/2026-09-18-whitepaper-conformance/probes/wire-client-probe.mjs:25 (Config recursive extra-field rejection corpus); reference/packages/onchain/lib/tests/validation_test.ak:442 (scoped_decoders_preserve_all_public_datum_tags_and_fields),executed_probe,"Exact seven-field shape, recursive Terms decoding, positive reserve and builtin-normalized byte cap agree.",No discrepancy identified within the stated source and test scope.,Retain the cited regression coverage.
W-015,CTVS-1,4.2; 10.2,14; 15; 29; 30,"Config commitment must match authenticated program parameters and seed, with exactly its ADA reserve and ID(1), enterprise F_lock address, inline datum and no attached reference script.",profile0,aligned,reference/packages/onchain/lib/ctvs/genesis.ak:44; reference/packages/onchain/lib/ctvs/state_core.ak:13; reference/packages/onchain/lib/ctvs/state_core.ak:40,reference/implementations/ctvs1/onchain/validators/state_test.ak:484 (rejects_config_at_wrong_lock); reference/implementations/ctvs1/onchain/validators/state_test.ak:502 (rejects_config_without_identity); reference/implementations/ctvs1/onchain/validators/state_test.ak:520 (rejects_config_with_modified_terms),retained_test,Genesis and ongoing State authentication compare seed/hK to applied parameters after validating the self-contained Config. Authentication does not rest on datum self-consistency alone.,No discrepancy identified within the stated source and test scope.,Retain the cited regression coverage.
W-016,CTVS-1,10.3,30,"State is exactly C0[magic,version,policy,hK,sequence,A,S,F,R,pause], with no extensions, mutable asset, mutable destination or epoch field; quantities are Q, R positive and pause flags 0..3.",profile0,aligned,reference/packages/onchain/lib/ctvs/wire.ak:70; reference/packages/onchain/lib/ctvs/decode.ak:75; reference/packages/onchain/lib/ctvs/validation.ak:232; reference/packages/protocol/src/wire/state.ts:47,reference/packages/onchain/lib/tests/validation_test.ak:285 (decoder_rejects_extra_and_missing_state_fields); docs/reviews/2026-09-18-whitepaper-conformance/probes/wire-client-probe.mjs:25 (State extra-field rejection),executed_probe,The ten-field record is closed. Public State codec is structural; asset-dependent physical checks occur in authenticated state validation.,No discrepancy identified within the stated source and test scope.,Retain the cited regression coverage.
W-017,CTVS-1,10.3; 10.6,30; 32,"Bound aggregate physical balances, not only fields: ADA State is A+F+R lovelace, native State is A+F underlying plus R lovelace; require STATE(1), no other tokens, no stake and no reference script.",profile0,aligned,reference/packages/onchain/lib/ctvs/validation.ak:246; reference/packages/onchain/lib/ctvs/ledger.ak:97; reference/packages/onchain/lib/ctvs/ledger.ak:116; reference/packages/planning/src/context.ts:72,reference/packages/onchain/lib/tests/validation_test.ak:148 (state_checks_physical_sum_for_each_underlying); reference/implementations/ctvs1/onchain/validators/state_test.ak:321 (rejects_wrong_state_value); reference/implementations/ctvs1/onchain/validators/state_test.ak:535 (rejects_reference_script_on_state),retained_test,Source implements the specified rule; cited tests exercise the relevant boundary.,No discrepancy identified within the stated source and test scope.,Retain the cited regression coverage.
W-018,CTVS-1,10.3,30,Every accounting transition increments sequence once and preserves immutable fields; ordinary actions preserve R and only explicit reserve top-up increases R.,profile0,aligned,reference/packages/onchain/lib/ctvs/state_core.ak:104; reference/packages/onchain/lib/ctvs/state_core.ak:166,reference/implementations/ctvs1/onchain/validators/state_test.ak:268 (pause_and_topup_preserve_economics); reference/implementations/ctvs1/onchain/validators/state_test.ak:336 (rejects_reserve_drain); reference/implementations/ctvs1/onchain/validators/state_test.ak:349 (rejects_wrong_sequence),retained_test,Closed successor construction carries policy/hK and tracks reserve changes explicitly. Economic/action details are covered further by the CTVS-1 and CTVS-2 reviews.,No discrepancy identified within the stated source and test scope.,Retain the cited regression coverage.
W-019,CTVS-2,12.1; 12.2; 12.5,75; 77,"Request is C1[magic,version,Recovery,economic_body] and Recovery is C0[policy,key Controller,refund Destination,deadline], both exact arity four; unknown outer versions and malformed recovery receive no implied rescue.",profile0,aligned,reference/packages/onchain/lib/ctvs/decode.ak:104; reference/packages/onchain/lib/ctvs/validation.ak:262; reference/packages/protocol/src/wire/requests.ts:28; reference/packages/protocol/src/wire/requests.ts:89,reference/packages/onchain/lib/tests/validation_test.ak:407 (recovery_rejects_unknown_outer_version_without_touching_economics); reference/implementations/ctvs2/onchain/validators/lifecycle_test.ak:167 (actual_vault_cancel_rejects_unknown_outer_version),retained_test,Source implements the specified rule; cited tests exercise the relevant boundary.,No discrepancy identified within the stated source and test scope.,Retain the cited regression coverage.
W-020,CTVS-1 and CTVS-2,10.6; 10.7; 12.2; 12.5,32; 75; 77,"Recovery must dispatch from supported outer/recovery fields while keeping economic_body as raw Data, without imposing recipient or settlement body bounds first.",profile0,narrowed,reference/packages/onchain/lib/ctvs/decode.ak:104; reference/packages/onchain/lib/ctvs/validation.ak:269; reference/implementations/ctvs2/onchain/lib/ctvs2/async.ak:78; reference/packages/protocol/src/data/codec.ts:37; reference/packages/protocol/src/data/codec.ts:122; reference/packages/protocol/src/wire/requests.ts:89,"docs/reviews/2026-09-18-whitepaper-conformance/probes/wire-client-probe.mjs:38 (large-constructor and 65-deep-economic-list CML/SDK comparison, including maxDepth128 controls); docs/reviews/2026-09-18-whitepaper-conformance/probes/wire-onchain.ak:139 (wire_review_large_constructor_body_remains_cancelable; wire_review_65_deep_body_remains_cancelable)",executed_probe,"F-W1: CML accepts a 144-byte Request with body Constr(2^53,[]) and a 197-byte Request with a 65-deep list body. Default SDK decodeData rejects both before recovery projection. Fresh maxDepth:128 control makes the 65-deep case recoverable, but the constructor safe-integer restriction remains non-configurable. Fresh compiled actual Cancel handler probes accept both. The onchain boundary is aligned; client recovery has a constructor-domain narrowing plus a configurable default-depth limitation.","SDK consumers cannot decode the large-constructor candidate through the public representation. The deep-list candidate requires an explicit decoder option override. These are client availability limits, not a demonstrated onchain lock or theft.","Keep raw economic body outside recovery decoding, or provide a recovery-specific projection with lossless constructor indices and explicit feasible resource handling. Add the exact two cross-layer regressions."
W-021,CTVS-2,12.2,75,"Settlement body is exactly C0[hK,kind,offered,minOutput,receiver,R,B,fee], where kind is C0[] deposit or C1[] redeem; validate positive offered/minimum, positive reserve, budget/fee Q, fee<=budget and aggregate ADA bounds before settlement.",profile0,aligned,reference/packages/protocol/src/wire/requests.ts:45; reference/packages/onchain/lib/ctvs/validation.ak:277; reference/packages/onchain/lib/ctvs/validation.ak:288; reference/implementations/ctvs2/onchain/lib/ctvs2/async.ak:166,reference/packages/onchain/lib/tests/validation_test.ak:256 (request_funding_aggregate_and_fee_bounds); docs/reviews/2026-09-18-whitepaper-conformance/probes/wire-client-probe.mjs:25 (Request economic-body and nested receiver extra-field rejection),executed_probe,"Exact body decoding and limits are distinct from raw recovery. Authenticated terms/mode/exact-funding checks occur in settlement, not in the body codec.",No discrepancy identified within the stated source and test scope.,Retain the cited regression coverage.
W-022,CTVS-2,12.3,76,"Claim is exactly C2[magic,version,policy,request_ref,state_ref,hK,asset,economic_quantity,receiver,carried_lovelace]; predecessor references are consumed Request and State references, never the creating Claim transaction ID.",profile0,aligned,reference/packages/protocol/src/wire/requests.ts:103; reference/packages/onchain/lib/ctvs/decode.ak:116; reference/packages/onchain/lib/ctvs/validation.ak:306; reference/implementations/ctvs2/onchain/lib/ctvs2/async.ak:166,docs/reviews/2026-09-18-whitepaper-conformance/probes/wire-client-probe.mjs:25 (Claim recursive extra-field rejection corpus); reference/packages/onchain/lib/tests/validation_test.ak:269 (claim_ada_aggregate_bound),executed_probe,"Wire shape, scalar and ADA sum bounds agree. Settlement constructs Claim from selected predecessor references and verifies actual output value; authentic issuance remains a transaction-lineage question.",No discrepancy identified within the stated source and test scope.,Retain the cited regression coverage.
W-023,CTVS-2,12.3,76,"Fixed Claim delivery preserves full actual input property, including surplus, and requires no current State, Config or settler; Claim-looking data alone does not prove authentic settlement lineage.",profile0,aligned,reference/implementations/ctvs2/onchain/lib/ctvs2/claim.ak:39; reference/implementations/ctvs2/onchain/lib/ctvs2/claim.ak:69,reference/implementations/ctvs2/onchain/validators/claim_test.ak:98 (delivers_all_actual_assets_across_vaults_without_state_or_config); reference/implementations/ctvs2/onchain/validators/claim_test.ak:114 (surplus_native_asset_cannot_be_used_for_submitter_change); reference/implementations/ctvs2/onchain/validators/claim_test.ak:128 (surplus_lovelace_cannot_pay_delivery_fee),retained_test,"The generic Q guard authenticates delivery obligation and property, not issuer lineage. Independent async review covers settlement creation and indexer evidence.",No discrepancy identified within the stated source and test scope.,Retain the cited regression coverage.
W-024,CTVS-1 and CTVS-2,10.4; 12.4,30; 31; 76,"Each redeemer is an exact three-field [magic,version,action] envelope with role tag State 0, Request 1, Claim 2 or Mint 3; action tags are scoped to that role.",profile0,aligned,reference/packages/onchain/lib/ctvs/decode.ak:132; reference/packages/protocol/src/wire/decode-actions.ts:168; reference/implementations/ctvs2/onchain/lib/ctvs2/family_decode.ak:48,reference/packages/onchain/lib/tests/validation_test.ak:312 (envelope_role_and_arity_are_distinct); reference/packages/onchain/lib/tests/validation_test.ak:576 (scoped_envelope_rejects_another_role); reference/packages/onchain/lib/tests/validation_test.ak:586 (scoped_envelope_rejects_extra_inner_action_field),retained_test,Source implements the specified rule; cited tests exercise the relevant boundary.,No discrepancy identified within the stated source and test scope.,Retain the cited regression coverage.
W-025,CTVS-1,10.4,30,"Direct action tags 0,1,2,3 are deposit,mint,withdraw,redeem, each exactly [Destination,amount,bound,stateOutput,receiverOutput]; selected outputs are distinct and quantities use positive bounded integers.",profile0,aligned,reference/packages/onchain/lib/ctvs/wire.ak:124; reference/packages/onchain/lib/ctvs/validation.ak:360; reference/packages/protocol/src/wire/actions.ts:30; reference/packages/protocol/src/wire/decode-actions.ts:36,reference/packages/protocol/tests/wire.test.ts:298 (roundtrips direct %s); reference/packages/onchain/lib/tests/validation_test.ak:343 (direct_actions_reject_shared_successor_and_receiver_output),retained_test,Source implements the specified rule; cited tests exercise the relevant boundary.,No discrepancy identified within the stated source and test scope.,Retain the cited regression coverage.
W-026,CTVS-1,10.4,30; 31,"Maintenance tags are CollectFees5[stateOutput,feeOutput], TopUp6[additionalLovelace,stateOutput], SetPause7[pauseFlags,stateOutput], with exact arities and bounded fields.",profile0,aligned,reference/packages/onchain/lib/ctvs/wire.ak:159; reference/packages/onchain/lib/ctvs/validation.ak:372; reference/packages/protocol/src/wire/actions.ts:95; reference/packages/protocol/src/wire/decode-actions.ts:36,"reference/packages/protocol/tests/wire.test.ts:308 (roundtrips every maintenance, request, mint and claim action); reference/implementations/ctvs1/onchain/validators/state_test.ak:268 (pause_and_topup_preserve_economics)",retained_test,Source implements the specified rule; cited tests exercise the relevant boundary.,No discrepancy identified within the stated source and test scope.,Retain the cited regression coverage.
W-027,CTVS-1 and CTVS-2,10.4; 12.4,31; 76,"Batch is C4[stateOutput,entries,rewardKey,Option<rewardOutput>]; SettleEntry C0[OutRef,claimOutput,claimTopup] is sorted by tx bytes then numeric index, unique, count 1..16 and further limited by Terms.max_batch.",profile0,aligned,reference/packages/onchain/lib/ctvs/validation.ak:334; reference/packages/onchain/lib/ctvs/validation.ak:372; reference/implementations/ctvs2/onchain/lib/ctvs2/async.ak:410; reference/packages/protocol/src/wire/actions.ts:48; reference/packages/protocol/src/wire/primitives.ts:144,reference/packages/protocol/tests/wire.test.ts:417 (normalizes builder input order while rejecting unsorted semantic action Data); reference/packages/protocol/tests/wire.test.ts:396 (enforces injective outputs in every action with protected output indices),retained_test,Lists carry references and external top-ups only; quotes and totals are recomputed in the batch path. Distinct outputs prevent sharing obligations.,No discrepancy identified within the stated source and test scope.,Retain the cited regression coverage.
W-028,CTVS-1 and CTVS-2,10.4; 12.4,31; 76,"Request actions are C0[stateRef] acknowledge, C1[refundOutput] cancel, C2[refundOutput] expiry; Mint actions C0[configOutput,stateOutput] initialize and C1[stateRef] supply update, without extra fields.",profile0,aligned,reference/packages/onchain/lib/ctvs/wire.ak:164; reference/packages/onchain/lib/ctvs/validation.ak:430; reference/packages/protocol/src/wire/decode-actions.ts:106; reference/packages/protocol/src/wire/decode-actions.ts:137,"reference/packages/onchain/lib/tests/validation_test.ak:473 (scoped_envelope_decoders_preserve_role_and_actions); reference/packages/protocol/tests/wire.test.ts:308 (roundtrips every maintenance, request, mint and claim action)",retained_test,Source implements the specified rule; cited tests exercise the relevant boundary.,No discrepancy identified within the stated source and test scope.,Retain the cited regression coverage.
W-029,CTVS-1 and CTVS-2,10.4; 12.4,31; 76,"Deliver is C0[entries], each entry C0[claimRef,receiverOutput]; entries count 1..16, sorted unique references, exhaustive consumed Q coverage, identical semantic list in every Q redeemer and unique output allocations.",profile0,aligned,reference/packages/onchain/lib/ctvs/validation.ak:347; reference/implementations/ctvs2/onchain/lib/ctvs2/claim.ak:69; reference/packages/protocol/src/wire/actions.ts:86,reference/implementations/ctvs2/onchain/validators/claim_test.ak:139 (same_receiver_still_requires_separate_output_allocations); reference/implementations/ctvs2/onchain/validators/claim_test.ak:147 (omitted_claim_fails_exhaustive_coverage); reference/implementations/ctvs2/onchain/validators/claim_test.ak:173 (all_claims_must_use_identical_semantic_delivery_list),retained_test,Source implements the specified rule; cited tests exercise the relevant boundary.,No discrepancy identified within the stated source and test scope.,Retain the cited regression coverage.
W-030,CTVS-1,10.4,31,"Batch reward key is an explicit required signer and authorized by immutable Settlers; zero fee sum requires None, positive sum selects one distinct ADA-only enterprise-key output with exact datum/reference-script form and at least the fee sum.",profile0,aligned,reference/implementations/ctvs2/onchain/lib/ctvs2/async.ak:417; reference/implementations/ctvs2/onchain/lib/ctvs2/async.ak:456; reference/packages/protocol/src/wire/actions.ts:48,,source,All reward branches are explicit in the compiled source. The wire encodes no operator-selected fee override. Transaction-level negative tests are assessed by the async review.,No discrepancy identified within the stated source and test scope.,Retain the cited regression coverage.
W-031,CTVS-1 and CTVS-2,10.5; 10.7; 12.5,31; 32; 77,"Decode semantic Plutus Data rather than insist on preferred original CBOR spelling; reject non-Data types and malformed/trailing bytes, retaining semantic constructor alternatives and valid extended form.",profile0,aligned,reference/packages/protocol/src/data/codec.ts:76; reference/packages/protocol/src/data/parse.ts:35; reference/packages/onchain/lib/ctvs/decode.ak:14,reference/packages/protocol/tests/data.test.ts:26 (accepts semantically equivalent constructor array spellings); reference/packages/protocol/tests/data-adversarial.test.ts:9 (every proper prefix of the State fixture is incomplete); reference/packages/protocol/tests/data-adversarial.test.ts:17 (requires one complete top-level item before suffix %s); reference/packages/protocol/tests/data-adversarial.test.ts:58 (keeps constructor alternative $alternative distinct),retained_test,"Within the public constructor domain, alternate definite/indefinite/extended forms decode semantically. The valid large-constructor exclusion in a raw recovery body is separately reported as W-020, not classified malformed CBOR.",No discrepancy identified within the stated source and test scope.,Retain the cited regression coverage.
W-032,CTVS-1,10.5,31; 32,"Preferred serialization uses definite empty lists, indefinite nonempty lists, definite maps in existing pair order, shortest integers and byte chunks no longer than 64; this writer is not interchangeable with generic canonical CBOR.",profile0,aligned,reference/packages/protocol/src/data/codec.ts:45; reference/packages/protocol/src/data/codec.ts:65; reference/packages/protocol/src/data/parse.ts:17,reference/packages/protocol/tests/data.test.ts:21 (accepts semantically equivalent constructor array spellings); reference/packages/protocol/tests/data-adversarial.test.ts:99 (rejects an oversized definite byte leaf behind tag prefix %s); reference/packages/protocol/tests/data-adversarial.test.ts:111 (serializes a 65-byte integer magnitude using bounded chunks: %s); reference/packages/onchain/lib/tests/validation_test.ak:419 (terms_builtin_serialization_and_hash_match_client_fixture),retained_test,Adapter explicitly configures map order/definiteness and chunks large integer magnitudes; source and retained fixture/builtin checks agree for covered vectors. Broader builtin-certification scope is W-046.,No discrepancy identified within the stated source and test scope.,Retain the cited regression coverage.
W-033,CTVS-1,10.5; 10.7,32,"Opaque map pairs preserve their order and reject duplicate semantically equal keys, including keys encoded using different CBOR spellings; do not collapse to a dictionary or sort.",profile0,aligned,reference/packages/protocol/src/data/bounds.ts:21; reference/packages/protocol/src/data/value.ts:1; reference/packages/onchain/lib/ctvs/validation.ak:122,reference/packages/protocol/tests/data-adversarial.test.ts:33 (duplicate map keys cannot hide behind alternate constructor spellings); reference/packages/onchain/lib/tests/validation_test.ak:220 (opaque_maps_preserve_pairs_and_reject_duplicate_equal_keys); docs/reviews/2026-09-18-whitepaper-conformance/probes/wire-client-probe.mjs:69 (Reordered opaque map changes Terms commitment),executed_probe,Fresh Terms-map probe produces distinct commitments when the same pairs change order. Existing semantic-duplicate tests preserve two keys until the opaque validator rejects them.,No discrepancy identified within the stated source and test scope.,Retain the cited regression coverage.
W-034,CTVS-1,10.6; 10.7,32,"Opaque recipient Data has depth<=16 from root0, nodes<=256 including container/key/value nodes, normalized bytes<=1024, signed256 integers and constructor alternatives 0..127.",profile0,aligned,reference/packages/protocol/src/data/bounds.ts:5; reference/packages/onchain/lib/ctvs/validation.ak:76; reference/packages/onchain/lib/ctvs/validation.ak:150,"reference/packages/onchain/lib/tests/validation_test.ak:191 (opaque_depth_bound_counts_root_as_zero); reference/packages/onchain/lib/tests/validation_test.ak:197 (opaque_node_limit_includes_container); reference/packages/onchain/lib/tests/validation_test.ak:205 (opaque_constructor_tags_are_bounded); reference/packages/onchain/lib/tests/validation_test.ak:211 (opaque_integer_bounds_are_signed_256_bits); reference/packages/protocol/tests/data-adversarial.test.ts:47 (map budgets count keys and values, and normalized byte bound includes chunk headers)",retained_test,Source implements the specified rule; cited tests exercise the relevant boundary.,No discrepancy identified within the stated source and test scope.,Retain the cited regression coverage.
W-035,CTVS-1 and CTVS-2,10.6; 12.5,32; 77,"Normalized record limits are State 256, Terms 4096, Config 4608, settlement Request 4096 and Claim 2048; settlement body size limits must not be imposed on raw recovery.",profile0,aligned,reference/packages/onchain/lib/ctvs/validation.ak:202; reference/packages/onchain/lib/ctvs/validation.ak:227; reference/packages/onchain/lib/ctvs/validation.ak:254; reference/packages/onchain/lib/ctvs/validation.ak:298; reference/packages/onchain/lib/ctvs/validation.ak:329; reference/packages/protocol/src/wire/requests.ts:81,reference/packages/onchain/lib/tests/validation_test.ak:237 (recovery_ignores_unsupported_and_oversized_economics); docs/reviews/2026-09-18-whitepaper-conformance/probes/wire-client-probe.mjs:52 (bytes-over-settlement-cap SDK recovery projection),executed_probe,The named datum-size limits use normalized serialization and apply in the correct structural/settlement validators. Fresh SDK recovery projection accepts a 5000-byte body; other generic decoder narrowing remains W-020.,No discrepancy identified within the stated source and test scope.,Retain the cited regression coverage.
W-036,CTVS-1,10.6,32,"Where possible, structural/resource bounds precede expensive recursive normalization, without claiming a safe transaction capacity from schema limits.",profile0,partial,reference/packages/protocol/src/data/parse.ts:27; reference/packages/protocol/src/data/parse.ts:35; reference/packages/protocol/src/data/parse.ts:39; reference/packages/protocol/src/data/bounds.ts:5; reference/packages/onchain/lib/ctvs/validation.ak:150,reference/packages/protocol/tests/data-adversarial.test.ts:132 (normalizes recursive parser exhaustion into an explicit resource-limit rejection),retained_test,Opaque normalization is guarded by structural traversal. Generic CBOR parsing still performs the dependency recursive scan before the adapter depth/node walk; it catches runtime stack exhaustion as a resource-limit error. A pre-parse depth budget is not established.,"Fail-closed decoding is tested, but configurable depth does not bound all parser work before allocation/recursion.",Document this resource boundary and evaluate an iterative or preflight decoder before accepting adversarial large CBOR in a service.
W-037,CTVS-1,4.2,14; 15,"Compile fixed support scripts before T, bind their identities into the reviewed program and reject cycles or caller replacements; F_lock must always fail and Q must not depend on P.",profile0,aligned,reference/tools/lib/build.ts:42; reference/tools/lib/build.ts:51; reference/tools/lib/staging.ts:75; reference/packages/onchain/validators/config_lock.ak:4; reference/implementations/ctvs2/onchain/validators/claim.ak:6,reference/implementations/ctvs2/onchain/validators/lifecycle_test.ak:182 (actual_config_lock_has_no_spend_or_reserve_recovery_branch); reference/tools/lib/staging.test.ts:112 (creates generated bindings only in the disposable destination and validates script hashes),source,"The two-pass build embeds compiled F and, for CTVS-2, Q hashes; rebuilt support hashes must remain unchanged. Inputs cannot author reserved ctvs/deployment.ak. CTVS-1 specialization omits Q as separately disclosed in W-038.",No discrepancy identified within the stated source and test scope.,Retain the cited regression coverage.
W-038,CTVS-1,4.2; 10.2,14; 15; 29,"The paper reference combination allows modes 1..15 and describes F,Q,T; any implementation subset must be identified rather than advertised as the entire combined construction.",profile0,narrowed,reference/tools/lib/build.ts:46; reference/tools/lib/build.ts:68; reference/packages/planning/src/context.ts:25; reference/implementations/ctvs1/onchain/validators/vault.ak:16; reference/implementations/ctvs2/onchain/lib/ctvs2/family_decode.ak:9,reference/implementations/ctvs1/onchain/validators/state_test.ak:682 (ctvs1_genesis_rejects_every_asynchronous_mode); reference/implementations/ctvs2/onchain/validators/state_test.ak:240 (ctvs2_genesis_rejects_direct_and_mixed_modes),retained_test,"Intentional family narrowing: CTVS-1 permits 1,2,3 and publishes F+P with claim:null; CTVS-2 permits 4,8,12 and publishes F+Q+P. Mixed direct/async mode combinations are wire-valid but rejected at either family genesis. This follows the chosen split, not a silent format reinterpretation.",Neither family alone implements every allowed mode of the paper combined reference profile. Consumers must select the advertised family; combined-mode deployments are unavailable.,Keep capability manifests explicit; either document this implementation subset as the conformance scope or provide a separately identified combined-mode build.
W-039,CTVS-1,4.2,14; 15,Apply seed OutRef and exact 32-byte Terms commitment to the compiled multipurpose template; P is the ledger versioned script hash and must be the same mint/spend identity.,acceptance,aligned,reference/tools/apply.ts:24; reference/tools/apply.ts:60; reference/tools/apply.ts:63; reference/tools/lib/build.ts:56,"reference/testing/integration/compilation/parameters.test.ts:19 (%s CLI and Lucid agree on synthetic parameter application, without a ledger transaction)",retained_test,"Retained integration test independently constructs Lucid seed Data, compares normalized applied bytes and PlutusV3 hashes, and proves no parameters remain. Synthetic seed does not establish seed existence, network deployment or full transaction acceptance.",No discrepancy identified within the stated source and test scope.,Retain the cited regression coverage.
W-040,CTVS-1,4.2; 10.5,14; 32,Compute hK=Blake2b256(bytes 435456532f48322f5445524d5300 || serialiseData(validated Terms)); preserve the 14-byte zero-terminated domain and distinguish this from raw ledger datum hashing.,profile0,aligned,reference/packages/protocol/src/wire/primitives.ts:22; reference/packages/protocol/src/wire/terms.ts:85; reference/packages/onchain/lib/ctvs/validation.ak:205; reference/packages/onchain/lib/ctvs/wire.ak:200,docs/reviews/2026-09-18-whitepaper-conformance/probes/wire-client-probe.mjs:68 (Terms domains are explicit14 bytes with trailing zero); reference/packages/onchain/lib/tests/validation_test.ak:419 (terms_builtin_serialization_and_hash_match_client_fixture),executed_probe,Fresh client hash is 3e786871c31d0ba1684920693cbb3ae53e42eca96d272280bf732e44b8844220 for the retained semantic Terms vector. Onchain hash uses the builtin and compares only after valid_terms. Exact printed hex characters are never hashed as text.,No discrepancy identified within the stated source and test scope.,Retain the cited regression coverage.
W-041,CTVS-1,4.2,15,"Genesis consumes the existing seed and mints exactly ID(1),STATE(1), no SHARE or other assets; permanent identity names are fixed and additional preexisting/misallocated identities are rejected.",profile0,aligned,reference/packages/onchain/lib/ctvs/genesis.ak:20; reference/packages/onchain/lib/ctvs/genesis.ak:85; reference/packages/protocol/src/wire/primitives.ts:23; reference/packages/onchain/lib/ctvs/wire.ak:194,reference/implementations/ctvs1/onchain/validators/state_test.ak:592 (genesis_mints_only_permanent_identities); reference/implementations/ctvs1/onchain/validators/state_test.ak:603 (genesis_requires_seed); reference/implementations/ctvs1/onchain/validators/state_test.ak:608 (genesis_rejects_initial_share_issuance),retained_test,Source implements the specified rule; cited tests exercise the relevant boundary.,No discrepancy identified within the stated source and test scope.,Retain the cited regression coverage.
W-042,CTVS-1,4.2,15,"Genesis creates Config at F and State at P with matching identities/hK, zero sequence/A/S/F/pause, positive exact reserves and no reference scripts; reject underlying policy P, wrong addresses and nonzero initial issuance.",profile0,aligned,reference/packages/onchain/lib/ctvs/genesis.ak:44; reference/packages/onchain/lib/ctvs/genesis.ak:60; reference/packages/onchain/lib/ctvs/ledger.ak:116,reference/implementations/ctvs1/onchain/validators/state_test.ak:616 (genesis_rejects_nonzero_backing); reference/implementations/ctvs1/onchain/validators/state_test.ak:628 (genesis_rejects_wrong_state_address); reference/implementations/ctvs1/onchain/validators/state_test.ak:640 (genesis_rejects_reference_script); reference/implementations/ctvs2/onchain/validators/state_test.ak:222 (ctvs2_genesis_and_real_mint_handler_accept_async_terms),retained_test,Source implements the specified rule; cited tests exercise the relevant boundary.,No discrepancy identified within the stated source and test scope.,Retain the cited regression coverage.
W-043,CTVS-1,4.2; 12.1; 12.2,15; 35; 36,"After genesis, only SHARE supply deltas can mint/burn and they must be coupled to the authentic selected State spend; ID/STATE never mint again or burn.",profile0,aligned,reference/packages/onchain/lib/ctvs/state_core.ak:72; reference/packages/onchain/lib/ctvs/state_core.ak:203; reference/implementations/ctvs1/onchain/validators/vault.ak:52; reference/implementations/ctvs2/onchain/validators/vault.ak:64,reference/implementations/ctvs1/onchain/validators/state_test.ak:411 (rejects_unrelated_mint); reference/implementations/ctvs1/onchain/validators/state_test.ak:420 (rejects_wrong_mint_quantity); reference/implementations/ctvs1/onchain/validators/state_test.ak:429 (rejects_wrong_mint_state_reference),retained_test,"Whole mint-map equality and selected State authentication enforce the induction premise. S=N is conditional on these transaction predicates and accepted ledger history, not a formal proof claim.",No discrepancy identified within the stated source and test scope.,Retain the cited regression coverage.
W-044,CTVS-1,12.3,36,Authenticate protected role by identity before interpreting untrusted datum/action: STATE custody must only route through State and cannot become a Request refund; malformed identity quantities reject.,profile0,aligned,reference/implementations/ctvs1/onchain/validators/vault.ak:23; reference/implementations/ctvs2/onchain/validators/vault.ak:25; reference/packages/onchain/lib/ctvs/ledger.ak:105,reference/implementations/ctvs1/onchain/validators/state_test.ak:557 (state_identity_cannot_take_request_refund_handler); reference/implementations/ctvs2/onchain/validators/lifecycle_test.ak:172 (actual_vault_request_rejects_state_role_before_action_interpretation),retained_test,Vault entrypoints examine STATE quantity and ID exclusion before their scoped datum/action decoders. Role routing remains independent of a request-shaped datum.,No discrepancy identified within the stated source and test scope.,Retain the cited regression coverage.
W-045,CTVS-1 and CTVS-2,10; 10.4; 10.7; 12.1,28; 31; 32; 75,"Preserve the historical candidate-wire schema.json, wire.cddl and original fixture bundle byte-for-byte when claiming continuity with the stated v0.5/v0.6 wire package.",acceptance,unverified,reference/tools/lib/build.ts:39; reference/packages/protocol/tests/fixtures/wire-vectors.json:1,,external_gate,"The current tree includes generated CIP-57 blueprint types, semantic fixtures and exact wire source, but no authenticated original candidate-wire/schema.json or wire.cddl artifact was supplied. The source review cannot prove the paper four-file byte-preservation assertion or identity of its 22-fixture/44-comparison bundle.",Current wire conformance evidence must not be described as verification of the historical package or its publication revision check.,"Obtain the exact original bundle and trusted checksums, then compare every file and independently reconcile its schema/fixtures with this implementation."
W-046,CTVS-1 and CTVS-2,10.5; 10.7; 12.5,31; 32; 77,"Before freezing the encoding, compare exact nested decoding and commitment serialization with pinned Aiken/Plutus builtins and independent semantic expectations; local JS agreement alone is insufficient.",acceptance,partial,reference/packages/onchain/lib/tests/validation_test.ak:419; reference/packages/onchain/lib/tests/validation_test.ak:442; reference/packages/protocol/tests/fixtures/wire-vectors.json:1,reference/packages/onchain/lib/tests/validation_test.ak:419 (terms_builtin_serialization_and_hash_match_client_fixture); reference/packages/onchain/lib/tests/validation_test.ak:442 (scoped_decoders_preserve_all_public_datum_tags_and_fields); docs/reviews/2026-09-18-whitepaper-conformance/probes/wire-client-probe.mjs:38 (independent CML decoding of adversarial raw economic bodies),retained_test,"Pinned compiled builtin test covers one exact thirteen-field Terms vector and hash; scoped compiled decoders cover the record roles. This materially improves on the paper unexecuted gate, but does not certify all opaque Data/alternative encoding combinations or recover the unidentified historical fixture bundle.",A blanket builtin-certified entire WIRE-2 claim would exceed the enumerated evidence.,Add independent builtin vectors spanning every primitive and opaque serialization boundary and resolve the original-bundle provenance gate.
W-047,CTVS-1 and CTVS-2,10.5; 12.5,31; 77,Keep original signed transaction bytes and IDs separate from normalized Data used for semantic commitments; do not reserialize a signed transaction while retaining its prior ID/signatures.,acceptance,partial,reference/testing/ledger/serialization.ts:1; reference/testing/ledger/recorder.ts:24,,source,"The local harness retains signed CBOR and actual transaction identifiers separately from protocol encodeData and Terms hashes. No public indexer is implemented, so durable network indexing and rollback byte preservation remain outside this source proof.",Local retained transactions support inspection; they do not establish a production indexer preservation invariant.,Specify and test a network indexer persistence boundary if that infrastructure is included in conformance claims.
W-048,CTVS-1 and CTVS-2,11; 11; 12.2,33; 34; 35; 74; 75,"Managed valuation, debt/positions, epochs, partial fills, bearer/controller extensions or executable capability modules require an explicit separate profile; do not hide them in profile 0 fields.",extension,out_of_scope,reference/packages/onchain/lib/ctvs/wire.ak:25; reference/packages/onchain/lib/ctvs/wire.ak:57; reference/packages/onchain/lib/ctvs/wire.ak:70; reference/packages/onchain/lib/ctvs/validation.ak:186,,source,Exact profile 0 records intentionally exclude these extensions. Raw recovery economic_body is not a generic execution-module mechanism. Managed/native integration claims require their separate economic/state mapping and actual protocol evidence.,"Absence is deliberate scope, not a missing profile 0 field.",Keep extension claims excluded until a separately versioned mapping and evidence are supplied.
I-001,Common,"CTVS-1 1.3, 2.1-2.4",6; 7; 8,"Disclose exact profile and distinguish read, direct, async and extension conformance.",profile0,partial,reference/README.md:3; reference/README.md:5; reference/packages/planning/src/types.ts:104,,source,Family/profile/wire and modes are documented; no machine-readable common conformance/disposition response exists.,Consumers lack the complete declared conformance boundary.,"Publish operation-specific conformance and evidence fields, qualifying the broad README claim."
I-002,Common,CTVS-1 13.2,37,Expose the common CTVS-INTEGRATION-0.6 semantic response contract.,profile0,missing,reference/packages/planning/src/types.ts:104; reference/packages/planning/src/plan.ts:49,,source,Only CTVS-REFERENCE-PLAN-1 transaction intents exist; no standard response adapter or response.schema.json.,Applications still need custom interpretation.,Implement and test the required semantic envelopes; reconcile the original schema bundle.
I-003,Common,CTVS-1 13.2,37,Every response carries schema/kind/network/chain point/vault/implementation/conformance/evidence/verification disposition.,profile0,partial,reference/packages/planning/src/types.ts:104; reference/packages/planning/src/plan.ts:55,,source,"Plans include supplied network and build bindings, but not the complete required envelope or verified evidence.",A plausible plan is not an authenticated response.,Bind each response to verified source references and an explicit conformance/disposition record.
I-004,Common,CTVS-1 13.2,37,"Represent known, unknown, unsupported, stale and not_applicable distinctly; never fabricate missing values.",profile0,partial,reference/packages/protocol/src/types.ts:117; reference/packages/planning/src/types.ts:127,,source,"Intent placeholders remain unknown and not ready, but there is no common quantity/status union; DepositLimit uses known/unavailable.","Consumers cannot apply one status interpretation across snapshots, limits and requests.","Define shared value-state types and test zero versus missing, unsupported and stale data."
I-005,Common,CTVS-1 13.2,37,Serialize unsigned quantities as decimal strings and assets using explicit identities.,profile0,aligned,reference/packages/planning/src/plan.ts:168; reference/packages/planning/src/value.ts:1; reference/packages/protocol/src/wire/primitives.ts:1,reference/packages/planning/test/plan.test.ts:1,retained_test,Plan JSON converts bigint to decimal strings and uses explicit asset identifiers.,Current intent serialization avoids floating-point amount loss.,Retain this behavior in the common response adapter.
I-006,Common,"CTVS-1 13.1, 13.3",37; 38,"Resolve authenticated deployment, Terms and State from one coherent chain history and point.",profile0,missing,reference/packages/planning/src/types.ts:8; reference/packages/planning/src/context.ts:40,,source,Chain point and deployment are supplied by caller; checks establish shape/consistency only.,No trustworthy snapshot or stale/forked-reference detection service.,Implement provider resolution pinned to a chain point plus genesis/script/Config authentication.
I-007,Common,CTVS-1 13.1,37,Support share-to-vault discovery with verified network and implementation identity.,profile0,missing,reference/packages/planning/src/types.ts:9,,source,No reader/discovery API is present in the public packages.,Wallets cannot authenticate a vault from its share asset using this SDK alone.,Add authenticated reverse discovery with spoofed-label and wrong-network tests.
I-008,Common,CTVS-1 13.2-13.3,37; 38,Read-only estimates and unconstructed plans must not be marked executable or ready.,profile0,aligned,reference/packages/planning/src/plan.ts:65; reference/packages/planning/src/plan.ts:87; reference/packages/protocol/src/math/quotes.ts:59,reference/packages/planning/test/plan.test.ts:1,retained_test,"Plans explicitly set verifiedOnLedger=false, signed=false and submitReady=false; previews say execution unchecked.",Unresolved construction is not silently advertised as executable.,Preserve this distinction when adding a verified builder.
I-009,Common,CTVS-1 13.2-13.3,37; 38,"Publish complete snapshot backing, supply, excluded fees, liquidity, status, capabilities and pricing sources.",profile0,missing,reference/packages/protocol/src/types.ts:45; reference/packages/protocol/src/math/quotes.ts:1,,source,"State records and math primitives exist, but no complete snapshot response or liquidity/status projection exists.",Integrators must reconstruct views and trust boundaries themselves.,Build snapshot views from authenticated ledger state with explicit provenance.
I-010,Common,CTVS-1 13.3,38,A quote binds its calculation to State/source evidence without implying rate reservation.,profile0,partial,reference/packages/protocol/src/math/quotes.ts:59; reference/implementations/ctvs1/client/src/direct.ts:29; reference/implementations/ctvs2/client/src/batch.ts:40,,source,"Pure previews contain numbers and exact_at_snapshot; plans include input references, and Batch has pricingBasis. There is no complete standalone authenticated quote response.",A detached preview cannot establish the ledger basis of its price.,Return quote evidence/expiry/prerequisites separately from mathematical preview results.
I-011,Common,"CTVS-1 6.4, 13.3",19; 20; 38,Report economic minimum/maximum separately from construction limits and distinguish reasons for unavailability.,profile0,partial,reference/packages/protocol/src/math/limits.ts:5; reference/packages/protocol/src/types.ts:117,reference/packages/protocol/tests/math.property.test.ts:92,retained_test,maxDeposit implements an economic upper bound with constructionLimit unknown; no complete minimum/maximum response across all operations.,Arithmetic capacity can be mistaken for a transaction construction limit.,"Add complete semantic limit reporting, including unknown/unsupported where no proved algorithm exists."
I-012,Common,CTVS-1 13.3; CTVS-2 14.1,38; 80,"Classify protocol fees, execution reward, refundable/carry storage, network fees and external top-ups separately.",profile0,partial,reference/packages/protocol/src/types.ts:101; reference/implementations/ctvs2/client/src/batch.ts:145; reference/packages/planning/src/plan.ts:102,,source,Economics and planned values separate several partitions; network fee/collateral remain unknown and no common quote classification ties all units/recipients/accrual points together.,A consuming application must add fee interpretation.,Implement typed fee categories and reconciliation checks over quote and final effects.
I-013,Common,CTVS-1 13.4,38,"Keep quotes, authorized requests and accepted realized results as separate records.",profile0,partial,reference/implementations/ctvs2/client/src/requests.ts:9; reference/testing/ledger/recorder.ts:101,,source,Intent and local transaction artifacts are separate; no public realized-result projection exists.,Local test records are not a interoperable transaction history API.,Define authenticated realized records with actual gross/net effects and origin references.
I-014,Common,CTVS-1 13.4,38,"Verify complete approved effects before signing, including change, funding, fees and collateral exposure.",profile0,partial,reference/testing/ledger/outputs.ts:8; reference/testing/ledger/recorder.ts:44; reference/packages/planning/src/plan.ts:102,docs/reviews/2026-09-18-whitepaper-conformance/probes/integration-probes.ts:58,executed_probe,Fresh probe appended an unplanned 50 ADA payout to a separate generated wallet; recorder signed and accepted it while planned protected outputs remained exact.,The test adapter is not a complete wallet-intent verifier. No vault theft occurred; extra funds came from funding inputs.,Define final approved effects and verify all non-protected effects before requesting a signature.
I-015,Common,CTVS-1 13.4; CTVS-2 14.4,38; 81,Preserve signed transaction bytes and IDs; do not reserialize and reuse signatures.,profile0,aligned,reference/testing/ledger/recorder.ts:52; reference/testing/ledger/evaluator.ts:179,reference/testing/ledger/evaluator.test.ts:109,retained_test,"Recorder saves the signed bytes, checks witnesses against their transaction hash and submits the same signed transaction object.",Current local signing path retains the signed artifact.,Expand noncanonical transaction encoding tests independently; current test does not prove every library serialization behavior.
I-016,Common,CTVS-1 13.4; CTVS-2 12.7,38; 78,"Rollback must reverse status and quantities, including settlement and delivery-only rollback.",profile0,missing,reference/VALIDATION.md:72,,source,"No production indexer, rollback journal or competing-history replay implementation.",Wallet ownership/claimable status cannot be kept correct through forks by this code alone.,"Implement reversible history projection with settlement rollback, delivery rollback and competing branch tests."
I-017,Common,CTVS-1 13.4; CTVS-2 12.7,38; 78,"Separate liquid shares, redemption escrow, issued-undelivered shares, pending deposits and fixed claims.",profile0,partial,reference/implementations/ctvs2/client/src/requests.ts:9; reference/testing/fixtures/requests.ts:71,,source,Request planners describe participation; no aggregate authenticated ownership projection maintains all buckets.,Consumer accounting could double-count pending and claimable property.,Add bucket-preserving lifecycle projection and conservation checks through rollback.
I-018,Common,CTVS-2 12.6-12.7,77; 78,Authenticate claimable status from actual funded property and accepted settlement lineage.,profile0,missing,reference/implementations/ctvs2/client/src/delivery.ts:1; reference/testing/fixtures/requests.ts:71,,source,"Local tests verify known request/State references, but public delivery planning accepts a Claim candidate without authenticating its origin.",A deliverable look-alike must not be represented as a vault liability.,Implement lineage authentication separately from valid Claim delivery and test funded look-alikes.
I-019,Common,CTVS-2 12.6,77,"Expose original/current request references, authority, destinations, bounds, deadlines, delivery form and recovery availability.",profile0,partial,reference/implementations/ctvs2/client/src/requests.ts:9; reference/implementations/ctvs2/client/src/recovery.ts:20,,source,These fields largely exist in wire records and planner inputs; there is no complete read response or recovery availability classification.,Applications cannot use a standard request inspection interface.,"Build request/claim readers with exact distinctions for unknown envelope, unsupported controller, invalid economics, pause and liquidity."
I-020,Common,CTVS-2 12.6,77,Do not populate realized output values from pending estimates.,profile0,partial,reference/implementations/ctvs2/client/src/batch.ts:145; reference/testing/ledger/recorder.ts:101,,source,"Plans describe proposed effects and local artifacts record accepted effects, but realized lifecycle response API is absent.",The required public distinction has no implementation to validate.,Keep estimate fields and evidence-backed realized fields structurally separate in lifecycle responses.
I-021,Common,"CTVS-1 13.5, 15.5; CTVS-2 15.5",38; 41; 83,A separate builder constructs from authenticated public rules and data without calling the first implementation.,acceptance,unverified,reference/testing/ledger/builder.ts:19; reference/testing/integration/compilation/parameters.test.ts:21,,external_gate,"Only one transaction construction adapter exists. CLI/Lucid agreement checks parameter application, not independently constructed transaction histories.",S-10 and A-15 remain open.,Use an independently implemented builder and compare accepted/rejected full transactions.
I-022,Common,CTVS-1 15.1 S-09; CTVS-2 15.5 A-15,40; 83,"Independent decoders/indexers agree on bytes, economic interpretation, origin and rollback.",acceptance,unverified,reference/packages/protocol/src/data/codec.ts:1; reference/packages/onchain/lib/ctvs/decode.ak:1,,external_gate,"TS/Aiken implementations and limited CML probes exist, but no independent external corpus or second lifecycle indexer.",Two languages by the same authors do not meet the independent integration gate.,Obtain externally authored vectors and an independent history/rollback implementation.
I-023,Common,"CTVS-1 14, 15.4; CTVS-2 14.4",39; 41; 81,"Pin compiler, dependencies, evaluator, ledger parameters and source identities in evidence.",acceptance,partial,reference/package-lock.json:1; reference/tools/lib/build.ts:28; reference/testing/fixtures/vault.ts:146,docs/reviews/2026-09-18-whitepaper-conformance/evidence/baseline-summary.json:1,executed_probe,Compiler/libraries and local parameter snapshots are pinned and fresh build hashes saved; no actual cardano-node version or target network run.,"Evidence is reproducible locally, not a network acceptance record.",Retain current bindings and add node implementation/network parameter identities.
I-024,Common,"CTVS-1 14, 14.1; CTVS-2 14.4",39; 81,Calculate actual output minimum ADA and explicitly replan when top-ups change size.,profile0,partial,reference/testing/ledger/builder.ts:56; reference/testing/ledger/outputs.ts:28,reference/testing/ledger/outputs.test.ts:41,retained_test,Lucid balances actual local outputs; verifier rejects implicit protected-value changes. No public reserve calculation/replanning service is present.,A mathematically valid intent may not construct at the stated reserves.,Expose bounded reserve/fee iteration for actual target parameters without changing approved economics.
I-025,Common,CTVS-1 14,39,Handle stale State and reference-script inputs by refreshing authenticated state without weakening bounds.,profile0,partial,reference/testing/ledger/builder.ts:26; reference/packages/planning/src/context.ts:72,,source,Missing inputs fail; no contention retry/rebuild loop or reference-script availability monitor.,Consumer must implement stale-reference recovery.,Add authenticated rebuild with preserved bound/destination and changed-state tests.
I-026,Common,"CTVS-1 14.1; CTVS-2 14.2, 14.4",39; 80; 81,Benchmark increasing batch sizes and worst-case destinations; structural cap is not throughput.,acceptance,partial,reference/implementations/ctvs2/client/src/batch.ts:58; reference/testing/fixtures/vault.ts:172,docs/reviews/2026-09-18-whitepaper-conformance/probes/integration-probes.ts:18,executed_probe,"Fresh four-shape sweep: 7 requests pass; 8 fail local 14m memory budget. Tested n=1,2,4,5,6,7,8 for ADA/native and key/script512 receivers. No n=3 or n=16 run; no global maximum proved.",maxBatch=16 and a valid intent do not imply constructible settlement.,Add resource estimation/adaptive selection plus worst-case mixed/redemption/max-datum/key-count/quantity sweeps.
I-027,Common,CTVS-1 15.3; CTVS-2 15.3,41; 82,Define soundness projection from real transaction/ledger context to semantic requirements.,acceptance,partial,reference/testing/ledger/evaluator.ts:95; reference/packages/onchain/lib/ctvs/ledger.ak:1,,source,"Compiled handlers inspect actual Aiken contexts and signed fixtures run, but there is no complete refinement artifact/proof covering every field and branch.",Passing local examples cannot establish universal refinement.,Publish field-by-field projection and adversarial transaction corpus against compiled handlers.
I-028,Common,CTVS-1 15.3-15.4; CTVS-2 15.3-15.4,41; 82; 83,Demonstrate constructive ledger-accepted success for every advertised supported operation.,acceptance,partial,reference/testing/integration/ctvs1/lifecycle.test.ts:41; reference/testing/integration/ctvs2/lifecycle.test.ts:1,docs/reviews/2026-09-18-whitepaper-conformance/evidence/baseline-summary.json:1,executed_probe,26 signed local scenarios and 2 parameter-only cases pass; node-backed acceptance and full configuration/destination matrix are absent.,Selected local success does not clear full S-10/A-15.,Run target-node positive traces for all advertised operation/configuration paths.
I-029,Common,CTVS-1 15.3-15.4; CTVS-2 15.3-15.4,41; 82; 83,Negative cases fail for intended semantic reasons without phase-1 invalidity masking missing guards.,acceptance,partial,reference/testing/ledger/recorder.ts:129; reference/testing/integration/ctvs1/lifecycle.test.ts:88; reference/testing/integration/ctvs2/guards.test.ts:10,,retained_test,"Harness requires a compiled evaluator failure; many source tests use expected failure, without a complete minimal-mutation/intended-branch attribution corpus.",An unrelated failing guard could hide an absent target check.,Pair each negative case with positive control and minimal balanced mutation; record intended failing obligation.
I-030,Common,"CTVS-1 3.4, 15.1 S-07; CTVS-2 A-03,A-10",12; 40; 81,Validate actual cryptographic witnesses and explicit required signatories.,acceptance,partial,reference/testing/ledger/recorder.ts:65; reference/testing/ledger/builder.ts:68,reference/testing/integration/ctvs2/guards.test.ts:34,executed_probe,"Fresh signed traces validate signatures and required signer presence; local matrix mainly uses open settlement, with finite-set authority covered below full node-backed scope.","Witness correctness is evidenced locally, not across every authority configuration.",Add node-backed finite-set/multiple-key and negative witness traces.
I-031,Common,CTVS-1 15.1 S-11,40,Validate declared and actual execution budgets against full transaction limits.,acceptance,aligned,reference/testing/ledger/evaluator.ts:117; reference/testing/ledger/evaluator.ts:127,reference/testing/ledger/evaluator.test.ts:129; docs/reviews/2026-09-18-whitepaper-conformance/evidence/baseline-summary.json:1,executed_probe,Both aggregate measured and declared budgets and per-redeemer declarations are checked; final signed CBOR is re-evaluated.,Budget checks hold for exercised local contexts.,Retain harness regression tests; extend target parameter validation.
I-032,Common,CTVS-1 15.4; CTVS-2 15.4,41; 83,"Retain full bytes, resolved context, witnesses, fees, collateral/reserves and execution evidence.",profile0,partial,reference/testing/ledger/recorder.ts:101; reference/testing/ledger/recorder.ts:141,,source,"Signed bytes, resolved inputs, fees, witnesses, cost models, slots and budgets are retained; collateral/minimum-ADA details are embedded in bytes/context rather than independently verified complete effect reports.",Audit artifacts are useful but not the complete required effect/parameter verification.,Add decoded collateral/return/minimum-ADA and network evidence with independent verification.
I-033,Common,CTVS-1 15.2; CTVS-2 15.2,40; 41; 82,Distinguish historical publication evidence from fresh compiled evidence.,informative,aligned,reference/VALIDATION.md:3; reference/VALIDATION.md:7,docs/reviews/2026-09-18-whitepaper-conformance/evidence/baseline-summary.json:1,executed_probe,"Paper says compiled gates were blocked at its baseline; current compiled suites and local signed lifecycles now pass. This changes evidence status, not normative behavior.",The paper historical status is older than the implementation.,Update an evidence appendix with exact revision and remaining node/integration gates.
I-034,Common,"CTVS-1 10.7,15.2; CTVS-2 12.5,15.2",32; 40; 77; 82,Reconcile the original wire source bundle and historical evidence against implementation.,acceptance,unverified,reference/VALIDATION.md:7,,external_gate,"Referenced candidate-wire, original integration schema, historical requirement/projection bundle are not present in the inspected supplied repository/material.",PDF-derived fixtures cannot establish byte-for-byte historical preservation.,"Obtain the exact publication bundle, record hashes, and run source/schema/vector reconciliation."
I-035,Common,CTVS-1 11; CTVS-2 10,33; 34; 35; 72; 73,Managed NAV needs position/liability/valuation/liquidity evidence and exact accepted State basis.,extension,out_of_scope,reference/README.md:74,,source,No managed profile is claimed or implemented; direct custody keeps all backing in State.,"Absence is an explicit extension limit, not a profile-0 math defect.",A managed implementation needs a separately specified and tested complete lifecycle.
I-036,Common,CTVS-1 7.5; CTVS-2 4.4,21; 58,Script-controlled authority requires purpose/domain/input/successor proof.,extension,out_of_scope,reference/README.md:74,,source,Current profile uses key roles; receiving a payment at a script is not script-controller support.,Do not transfer key-controller test evidence to script-controller claims.,Specify a separate authority profile and validate an actual script-owned lifecycle.
I-037,Common,CTVS-1 11.3; CTVS-2 11.1-11.2,34; 74,"Additional fee, inventory, partial-fill and pricing variants require explicit semantics and evidence.",extension,out_of_scope,reference/README.md:74,,source,"Only fixed markup entry/exit fees, native mint/burn and full-fill snapshot settlement are implemented.",Missing variants are not defects against this chosen profile.,Require versioned extension definitions and separate acceptance matrices.
I-038,Common,CTVS-1 2.5; CTVS-2 2.5,8; 9; 52,"A native protocol claiming execution conformance supplies a reviewed mapping, implementation identity and independent evidence.",extension,out_of_scope,reference/README.md:74,,source,No native-protocol mapping or reviewed third-party integration is implemented or claimed.,This reference implementation does not certify an incumbent protocol.,Build one concrete mapping with full operation/recovery evidence before making such a claim.
I-039,Common,"CTVS-1 2.2,4.4; CTVS-2 11.4",7; 16; 74,Preserve outstanding rights during migration/closure; profile0 has no terminal sweep.,profile0,aligned,reference/implementations/ctvs1/onchain/lib/ctvs1/state.ak:16; reference/implementations/ctvs2/onchain/lib/ctvs2/state.ak:13,,source,"Immutable Terms and enumerated actions provide no migration, closure or reserve-sweep action.",Permanent one-sided lifecycle risks remain possible under currently permitted modes.,Keep future migration/closure proof separate; resolve proposed lifecycle admission policy explicitly.
